min_area,latitude_formatada,longitude_formatada,quant_quartos,quant_vagas,quant_suites,price
69,0.62030778816,0.67033179448,3,1,1,324000.00
80,0.62692194955,0.40666195223,3,2,1,760000.00
53,0.57902985956,0.45142710199,2,1,1,265000.00
63,0.57902985956,0.45142710199,3,1,1,279000.00
60,0.77145071415,0.33550123624,3,1,1,378995.00
43,0.62431597088,0.05643577216,2,1,0,196900.00
245,0.63530386715,0.43452310625,4,4,4,3200000.00
64,0.70720684083,0.47402990598,3,1,1,429000.00
80,0.76220786137,0.36753327762,3,2,1,595000.00
69,0.77104710282,0.52220991005,2,1,1,371081.00
140,0.73316841028,0.20448967660,4,2,3,1496000.00
30,0.69705317694,0.28057883333,1,1,0,408313.00
51,0.55091595216,0.49056989386,2,1,0,251540.00
63,0.67625046615,0.56048720586,2,1,0,350000.00
74,0.55156587382,0.12533056085,3,1,0,295000.00
60,0.75439130655,0.15428286974,3,1,1,320097.00
82,0.63572758231,0.29523644874,1,1,1,830000.00
45,0.63044656600,0.61746356012,2,1,0,285500.00
96,0.83992759550,0.22583930312,3,2,1,742900.00
55,0.66170787441,0.20142340979,2,1,1,390000.00
51,0.70146972838,0.39038541397,1,1,0,350000.00
55,0.61999103768,0.18370821511,2,2,1,349000.00
35,0.62772947913,0.25411506993,1,1,1,219000.00
65,0.72588115411,0.52712271322,2,0,0,250000.00
97,0.60439353178,0.18021973392,2,2,2,695000.00
45,0.61308498704,0.21649281454,2,1,0,269000.00
75,0.67235584707,0.55284890459,3,2,1,495000.00
63,0.49092442340,0.41518442776,3,1,0,319900.00
54,0.64155201598,0.31493088194,1,1,0,750000.00
69,0.59041599590,0.17689088625,3,2,1,430000.00
55,0.72588115411,0.52712271322,2,1,0,315000.00
32,0.63006152387,0.31786488097,1,1,0,488550.00
48,0.52527251438,0.32528425627,2,1,0,350000.00
41,0.77949608436,0.63394577586,1,1,0,380000.00
67,0.73208218938,0.59959915696,3,1,1,312000.00
65,0.63214863946,0.54888217439,3,1,1,345000.00
58,0.65058508296,0.60518024905,2,1,1,282800.00
62,0.70392009417,0.38465120401,2,1,1,650000.00
59,0.53861670276,0.45784849627,3,1,0,255000.00
65,0.53243377628,0.25729927007,2,1,0,426900.00
56,0.69326721065,0.60674987012,2,1,0,330000.00
65,0.53765432762,0.24206784273,2,1,0,415000.00
58,0.65058508296,0.60518024905,2,1,1,280987.00
46,0.53844942658,0.46234646947,2,1,0,230005.00
45,0.58454889912,0.30584545390,1,1,0,345000.00
62,0.74086019855,0.29245187538,2,2,1,628000.00
103,0.57724384109,0.28779274834,2,1,0,610000.00
181,0.51156400155,0.27897902307,3,3,3,1150000.00
250,0.67252726678,0.42812625426,4,4,4,2350000.00
40,0.59225848927,0.20940356571,2,0,0,179900.00
50,0.73736213144,0.57408841656,2,1,0,270000.00
92,0.68931795825,0.59276358427,3,2,1,780000.00
52,0.58335801552,0.12615479109,2,1,0,240000.00
46,0.73817042833,0.41754483204,2,1,0,370000.00
46,0.71507311810,0.49394152765,2,1,0,276888.00
43,0.57495077630,0.34713211314,1,1,1,365000.00
84,0.59041599590,0.17689088625,3,2,1,520000.00
67,0.86882524550,0.22038591785,3,1,1,340000.00
72,0.56753553084,0.43026577787,2,2,1,700000.00
58,0.68097793643,0.41700142649,2,1,1,635000.00
220,0.68303512646,0.52389637851,4,3,4,1579000.00
38,0.71959233722,0.41363630835,1,0,0,220000.00
67,0.71217893333,0.64809343274,3,1,0,325000.00
63,0.73577469587,0.36873063765,2,2,1,490000.00
33,0.73267072529,0.38218459456,1,1,0,180000.00
45,0.69331324996,0.42592070536,2,1,0,245000.00
35,0.69878778485,0.36124914645,1,1,0,490000.00
42,0.73884152808,0.37766620565,2,0,0,199000.00
112,0.61506529142,0.35333610176,3,2,1,960000.00
86,0.64452784381,0.39461733129,3,2,1,980000.00
67,0.65784809175,0.41454849992,2,2,1,960000.00
50,0.59076021651,0.17373513779,2,1,0,255000.00
46,0.54675783474,0.38294953235,2,1,0,275000.00
97,0.68109211393,0.53091091450,3,2,1,730000.00
45,0.61427694489,0.34917129568,1,1,1,550000.00
95,0.63246124641,0.44900566775,3,2,1,849000.00
63,0.67328077690,0.37947994655,2,1,0,359000.00
108,0.65629687378,0.39216722817,2,2,2,1150000.00
40,0.63152680179,0.31874384271,1,1,1,485000.00
62,0.83014178574,0.37955075000,3,1,0,330000.00
40,0.70392009417,0.38465120401,1,1,0,430000.00
203,0.65219523125,0.32930419764,3,3,3,3724000.00
79,0.69509696647,0.54709927424,2,1,2,668000.00
132,0.77885659828,0.39470703013,4,2,2,940000.00
63,0.57902985956,0.45142710199,3,1,1,281000.00
70,0.72177444726,0.59913046424,2,1,1,465000.00
54,0.75316236378,0.63855864176,2,1,0,305000.00
65,0.66037426893,0.40515379550,2,0,0,360000.00
124,0.60045655654,0.20403032299,3,2,1,520000.00
70,0.60776898086,0.19245374320,3,1,1,320000.00
61,0.66069746492,0.54026044372,2,1,0,305000.00
140,0.70716632623,0.56718833889,3,3,1,1035000.00
89,0.65042916314,0.42469120143,3,2,1,890000.00
42,0.71353632579,0.39970692588,1,0,0,230000.00
103,0.75054947922,0.32664342171,4,2,1,700400.00
140,0.53955989485,0.27253938496,3,2,3,1120000.00
58,0.68083015023,0.52840933771,3,1,0,350000.00
110,0.57381191712,0.20108633329,3,2,1,490000.00
90,0.65629687378,0.39216722817,2,0,2,1493600.00
65,0.47019936558,0.29655608588,3,1,1,293000.00
141,0.61134009702,0.44699233064,3,3,3,1300000.00
62,0.63766061966,0.44434024224,2,1,1,600000.00
55,0.68528138462,0.14513771486,2,1,0,297000.00
130,0.79900585774,0.48028493390,3,3,3,1400000.00
55,0.55354341584,0.34435687888,2,1,0,400000.00
57,0.68282334562,0.53947422147,2,1,0,380000.00
53,0.65621461687,0.53813590612,2,0,0,380000.00
58,0.72649516510,0.38690062498,1,0,0,295000.00
75,0.61516887988,0.30093569136,2,1,1,600000.00
85,0.65376593919,0.47607886200,2,0,0,375000.00
150,0.66403792412,0.28821148771,3,1,1,1697000.00
136,0.61414496552,0.29066484865,3,3,2,1350000.00
60,0.81398858532,0.47844165536,2,2,1,420000.00
50,0.64712538193,0.12936440229,2,1,0,269000.00
41,0.70575307274,0.40217853066,1,1,0,270000.00
133,0.67328077690,0.37947994655,3,1,0,832000.00
50,0.59162376058,0.69207974466,2,1,0,200000.00
55,0.70412097904,0.51362727331,2,2,1,430000.00
107,0.58771793861,0.18291265375,2,2,2,750000.00
70,0.70451553597,0.19457697767,3,1,1,349000.00
45,0.72560844791,0.42091038456,2,0,0,320000.00
170,0.56465531133,0.32946774056,3,3,3,1700000.00
38,0.72375551896,0.50060096049,1,1,0,225000.00
90,0.60410440489,0.35211029004,3,2,2,1100000.00
60,0.69491020032,0.48711116748,2,2,2,490000.00
37,0.71959233722,0.41363630835,1,1,0,345000.00
100,0.71917215174,0.30935652269,3,0,0,600000.00
71,0.68400317978,0.48492082177,3,2,1,499000.00
67,0.60185262202,0.31004414138,1,1,0,790000.00
70,0.69737361057,0.54687035760,2,1,0,425000.00
55,0.56552054351,0.82068833107,2,1,1,529000.00
35,0.73239218744,0.37824523011,1,1,0,275000.00
53,0.57902985956,0.45142710199,2,1,1,275000.00
88,0.63954270684,0.47260493244,3,2,1,660000.00
48,0.70571915711,0.89160384128,2,1,0,159000.00
50,0.65678335587,0.85015103286,2,2,0,120000.00
52,0.69357168398,0.65878605546,2,1,0,275000.00
54,0.68287337500,0.52862500586,2,1,1,426000.00
60,0.64815328636,0.51781553575,3,1,1,359000.00
63,0.59322193865,0.45545377621,2,2,1,511000.00
61,0.68462425013,0.42441081112,3,1,0,430000.00
55,0.64820101379,0.41972019175,2,1,0,520000.00
98,0.67444511116,0.37377570860,2,1,1,1100000.00
48,0.61308498704,0.21649281454,2,1,0,234000.00
91,0.68940773491,0.31588477370,3,3,1,1280000.00
110,0.73259798317,0.29237064689,3,2,1,837000.00
160,0.81174263409,0.40748618247,3,2,1,1400000.00
48,0.73837637753,0.84487595932,2,1,0,180000.00
71,0.57677746283,0.24913493833,2,1,0,350000.00
37,0.92579260517,0.17736435711,2,1,0,179900.00
43,0.55957855612,0.11659762969,2,1,0,209900.00
343,0.64566670299,0.30878075606,4,5,4,7190000.00
107,0.70885919183,0.37134298056,2,1,0,795000.00
41,0.67700305548,0.45485933137,2,0,0,186900.00
72,0.73032302718,0.77892472595,3,1,0,215000.00
43,0.60741616624,0.78978024002,2,1,0,184000.00
65,0.60289894217,0.49096800032,2,1,0,150000.00
67,0.71390387298,0.58387992431,2,2,1,550000.00
48,0.64912118622,0.91067928734,2,1,0,190000.00
41,0.67964525174,0.45828765136,2,0,0,187900.00
70,0.59348497660,0.34671272221,2,1,0,620000.00
48,0.66875833503,0.92532864959,2,1,0,125000.00
50,0.64540473929,0.57820891619,2,1,0,336000.00
59,0.57902985956,0.45142710199,3,1,0,265000.00
134,0.83992759550,0.22583930312,4,2,3,1104500.00
90,0.67444511116,0.37377570860,2,1,0,800000.00
92,0.68931795825,0.59276358427,3,2,1,800000.00
47,0.72205267818,0.53726932413,2,1,0,370000.00
43,0.62879973972,0.31635194610,1,1,0,720000.00
53,0.72928146442,0.38098788610,2,1,1,500000.00
54,0.72913060893,0.30676763614,2,2,0,540000.00
58,0.67852480828,0.91794967135,2,1,1,150000.00
58,0.65212862771,0.48001540301,1,0,0,238000.00
280,0.61607877020,0.25764373099,4,4,1,1950000.00
80,0.60045655654,0.20403032299,3,1,0,415000.00
60,0.69711548348,0.50923637403,2,1,0,368000.00
42,0.68155342786,0.92933078151,2,1,0,125000.00
47,0.62486614069,0.23971829787,1,1,1,373000.00
48,0.72984191634,0.30454036839,1,0,0,447000.00
35,0.56793776099,0.39111038908,1,1,0,298000.00
45,0.72049163849,0.41121205066,1,0,0,219000.00
49,0.66493937390,0.65809995708,2,1,0,240000.00
50,0.65058508296,0.60518024905,2,1,0,235000.00
111,0.63792918233,0.48449556675,3,2,1,1100000.00
72,0.71920299808,0.56260435906,3,2,1,585000.00
43,0.59592797610,0.16811343146,2,1,0,199900.00
48,0.70740158713,0.84250491280,2,0,0,168000.00
31,0.75054947922,0.32664342171,1,0,0,180000.00
56,0.69170970064,0.85197715351,2,1,0,180000.00
70,0.72450457861,0.53626960560,3,1,1,535000.00
56,0.69387400881,0.85120656882,2,1,0,175000.00
34,0.63283754107,0.48785416924,1,1,0,249000.00
134,0.65629687378,0.39216722817,4,1,1,850000.00
109,0.59994352511,0.18052835873,3,3,1,520000.00
65,0.64000923856,0.53128795368,2,1,1,379000.00
50,0.73637136539,0.57757211960,2,1,0,310000.00
146,0.72230389938,0.23604716117,4,0,2,1669100.00
64,0.69177369528,0.37713800329,3,1,1,645000.00
47,0.57613828369,0.34907356087,1,1,1,550000.00
39,0.67767216018,0.36222063047,1,0,0,228000.00
80,0.69368417337,0.31742985247,2,1,1,719000.00
52,0.68834775643,0.84445244181,2,1,0,193000.00
51,0.51190254398,0.24058249079,2,1,0,358000.00
57,0.54588063233,0.33454647573,1,1,1,420000.00
67,0.61283729553,0.43223198509,2,2,1,595000.00
48,0.61308498704,0.21649281454,2,1,0,270000.00
54,0.71150629895,0.82444916660,2,1,0,210000.00
54,0.53229550487,0.13770053011,2,1,0,299000.00
93,0.68435645479,0.29177250985,2,2,2,1290000.00
53,0.82187957036,0.40263049986,2,1,0,265000.00
63,0.64930104647,0.47780377282,2,1,1,490000.00
65,0.72878608139,0.31323398843,2,1,0,520000.00
76,0.75054947922,0.32664342171,4,2,1,646000.00
42,0.70000429700,0.38676423062,1,1,0,375000.00
65,0.61768922542,0.44953625918,3,1,0,460000.00
54,0.65428004487,0.54341423749,2,1,0,310000.00
34,0.73884152808,0.37766620565,2,0,0,199000.00
58,0.72269953055,0.54301938885,2,1,0,330000.00
48,0.67764975438,0.67532256831,2,1,0,290000.00
102,0.70023602822,0.39098203069,4,2,1,798000.00
50,0.49067719228,0.33373592836,2,1,0,290000.00
70,0.74312732786,0.39470746451,1,0,0,220000.00
95,0.58002768497,0.34423742522,2,1,0,510000.00
63,0.73577469587,0.36873063765,1,1,1,480000.00
133,0.59041599590,0.17689088625,3,2,3,800000.00
53,0.57902985956,0.45142710199,2,1,1,254999.00
50,0.76101897280,0.87296472686,2,0,0,225000.00
70,0.75054947922,0.32664342171,3,1,1,530000.00
48,0.66302352456,0.72669828352,2,1,0,220000.00
70,0.79742931814,0.25860674466,2,1,0,285000.00
41,0.75151139396,0.34740989719,1,1,0,65000.00
177,0.64118508265,0.42032766790,3,3,3,2050000.00
41,0.67700305548,0.45485933137,2,1,0,229900.00
104,0.65501145612,0.32271860888,2,1,1,1250000.00
69,0.78078380398,0.29026478749,2,1,0,450000.00
62,0.62181879847,0.06010538853,2,1,0,267009.00
64,0.79638790885,0.52335275577,2,1,0,330000.00
160,0.49948742897,0.29362925407,4,2,3,1300000.00
115,0.58614784452,0.18860603228,3,2,1,600000.00
48,0.70806808294,0.74069195378,2,1,0,215000.00
250,0.78505180190,0.42247088371,3,4,3,1700000.00
66,0.59814615027,0.46147206869,2,1,0,398000.00
50,0.81767648788,0.27522644070,2,1,0,250000.00
45,0.64974686050,0.07682564283,2,1,0,210000.00
55,0.64451372509,0.18321975824,2,1,0,330000.00
65,0.60603514027,0.48154527858,2,2,1,400000.00
69,0.59827014949,0.20543748708,3,1,0,320000.00
60,0.58714398182,0.41324276285,2,0,1,470000.00
47,0.53352644268,0.12447049451,2,1,0,240000.00
185,0.55409113022,0.27496733485,4,2,2,1500000.00
50,0.80141801089,0.77485765468,2,1,0,255000.00
87,0.69288508434,0.41561532968,2,0,0,380000.00
48,0.58332901075,0.20838039083,2,1,0,320000.00
101,0.61207503794,0.36431063511,3,2,1,850000.00
37,0.72928146442,0.38098788610,1,1,0,410000.00
45,0.69329713620,0.38546153418,1,1,1,480000.00
48,0.65428004487,0.54341423749,2,1,0,330000.00
51,0.75054947922,0.32664342171,2,1,0,414000.00
50,0.77517376005,0.46153353303,2,1,0,350000.00
64,0.72706421103,0.37141573869,1,0,0,320000.00
68,0.62946516128,0.48694827613,2,1,1,555400.00
52,0.60719701911,0.42906950379,2,2,0,345000.00
41,0.67700305548,0.45485933137,2,0,0,189900.00
165,0.65535184011,0.29768025340,3,2,1,2350000.00
53,0.69473248856,0.45018782459,2,1,0,330000.00
102,0.62397221067,0.42288549650,2,1,1,820000.00
62,0.72860775578,0.63643823073,2,1,1,359000.00
104,0.54455500701,0.36695729380,3,2,1,585000.00
237,0.58737632689,0.22767671757,4,4,2,1750000.00
72,0.69064619247,0.77914604100,3,1,0,260000.00
70,0.65063572620,0.38934964216,2,1,0,690000.00
224,0.60863912390,0.36458885354,4,4,2,2300000.00
47,0.71689780960,0.67966351425,2,0,0,220000.00
64,0.73453086706,0.42125093608,3,1,1,430000.00
44,0.84737552888,0.17786584529,2,1,0,215348.00
67,0.68020892641,0.57883463617,3,2,1,508000.00
54,0.38614078515,0.25566014870,2,1,0,230000.00
61,0.68170336256,0.60124740025,2,1,0,370000.00
80,0.60109174561,0.41359308785,3,1,0,440000.00
41,0.74870468389,0.81005760707,2,1,0,215000.00
49,0.73129952104,0.83744376991,2,1,0,235000.00
75,0.72913060893,0.30676763614,2,2,1,820000.00
44,0.66055121337,0.50497991441,2,1,0,297000.00
30,0.59982029321,0.33969557995,1,1,0,290000.00
63,0.82187957036,0.40263049986,2,2,1,375000.00
53,0.60719701911,0.42906950379,2,2,0,328000.00
90,0.72369321242,0.32765421684,3,1,1,660000.00
72,0.62050192061,0.85311391796,3,2,1,585000.00
123,0.58262522310,0.34072266422,3,2,1,950000.00
48,0.64673450815,0.51772952912,2,1,0,330000.00
85,0.63336545854,0.34109427370,2,0,0,700000.00
69,0.75795398217,0.15997624827,3,1,0,295000.00
135,0.73086138023,0.35986978248,2,0,0,565000.00
57,0.57786521837,0.40248063982,3,1,1,399990.00
55,0.83992759550,0.22583930312,2,1,0,401497.00
65,0.59827628806,0.47776598203,2,1,1,450000.00
53,0.80501966646,0.26831159422,2,1,0,300000.00
73,0.58638233809,0.15270673302,3,1,0,235000.00
53,0.57902985956,0.45142710199,2,1,1,265400.00
70,0.58571400071,0.18088606814,2,2,0,370000.00
67,0.70392009417,0.38465120401,2,1,1,820000.00
50,0.81456315596,0.36583529817,2,1,0,299999.00
48,0.66076928625,0.72635577730,2,1,0,207000.00
75,0.60253262269,0.17886773570,3,2,1,358000.00
63,0.61795303069,0.34643928192,2,1,0,630000.00
75,0.64658718235,0.41692779960,3,2,0,680000.00
74,0.66797367165,0.24812370881,3,2,1,560000.00
61,0.54625876857,0.36560182056,2,1,0,292000.00
78,0.68513006874,0.49927654521,2,0,0,360000.00
49,0.70696620868,0.52665814709,2,1,0,350000.00
78,0.55067240419,0.39068513406,3,1,0,385000.00
55,0.66253888404,0.64812579382,2,2,0,315000.00
41,0.67700305548,0.45485933137,2,1,0,229900.00
90,0.78285526621,0.43387284397,3,1,0,480000.00
82,0.60029081500,0.42456175711,1,1,0,382000.00
61,0.49864276101,0.33213676966,2,1,0,244000.00
55,0.78548242296,0.46438782389,2,1,1,405000.00
67,0.73834844702,0.35821849855,2,1,1,640000.00
60,0.62051987594,0.29370179502,1,1,0,565000.00
44,0.62431597088,0.05643577216,2,1,0,199000.00
52,0.68328542687,0.75384597341,2,1,0,230000.00
60,0.69849129166,0.39823482244,2,0,2,500000.00
35,0.72386539946,0.36842266440,1,1,0,340000.00
45,0.58467520031,0.33262262027,1,1,0,421000.00
85,0.73131241205,0.23671175789,3,2,1,880000.00
70,0.65593807405,0.13261223866,3,1,0,380000.00
58,0.66236086535,0.56932786250,2,1,0,330000.00
35,0.62772947913,0.25411506993,1,1,1,220000.00
66,0.62024195194,0.05719528023,2,1,1,320000.00
68,0.62788647319,0.21585884140,3,1,1,369000.00
34,0.73218455013,0.18806588456,2,0,0,198000.00
83,0.57361041839,0.19056333476,3,2,2,400000.00
500,0.60152528249,0.20148769758,6,6,4,2300000.00
38,0.54488065842,0.25586517461,1,0,0,250000.00
64,0.57981482988,0.40140338501,2,1,0,430000.00
46,0.55165871977,0.27254915844,1,1,0,480000.00
85,0.65110502028,0.31844086479,1,1,1,900000.00
50,0.49458470236,0.30872472143,2,1,0,290000.00
64,0.78385094312,0.19543422056,3,1,1,399000.00
85,0.62076219620,0.43259121481,2,0,0,430000.00
34,0.63283754107,0.48785416924,1,1,1,249000.00
84,0.77620903077,0.36246757376,3,1,0,375000.00
134,0.65739537182,0.47674780249,4,2,2,950000.00
89,0.58826396488,0.20478765918,3,2,1,636000.00
115,0.68288396405,0.52612451502,3,2,1,950000.00
62,0.78632156620,0.41051270379,2,2,1,430000.00
70,0.61319885761,0.30128688512,3,2,1,670000.00
32,0.71019786163,0.44436804237,1,0,1,184999.00
90,0.66895753180,0.43711112405,3,1,0,640000.00
42,0.68834775643,0.84445244181,2,1,0,210000.00
62,0.60606107575,0.83024570966,2,1,1,430000.00
45,0.71855737343,0.55908221365,1,1,1,450000.00
62,0.67628668374,0.63051528399,2,1,0,249000.00
107,0.59244387424,0.32664928580,3,2,1,878000.00
63,0.65122196014,0.41462712215,2,1,1,620000.00
50,0.73909520470,0.64288438450,2,1,0,308000.00
48,0.75250722434,0.47361116661,2,0,0,275960.00
84,0.63428839334,0.46805939497,3,2,1,692900.00
55,0.68375380016,0.36182208963,1,0,0,440000.00
141,0.62660166939,0.19463388105,2,3,0,420000.00
85,0.60185262202,0.31004414138,2,2,1,901000.00
97,0.68094969898,0.50225137567,2,2,1,799000.00
64,0.51841956241,0.30547493037,2,1,0,330000.00
73,0.71690149275,0.48848966270,2,1,1,790000.00
48,0.70246095482,0.49652911107,2,1,0,369000.00
96,0.53653772078,0.29126624353,3,2,1,580000.00
60,0.65629687378,0.39216722817,2,1,0,625000.00
85,0.53243377628,0.25729927007,3,1,1,549900.00
76,0.62879973972,0.31635194610,2,1,1,875000.00
297,0.69461002399,0.56909221301,4,6,4,3450000.00
50,0.70870419280,0.51575593750,2,1,0,375000.00
80,0.59934547441,0.31222970895,2,1,1,640000.00
40,0.67528348708,0.42372015179,1,1,0,375000.00
49,0.55549962631,0.36040167704,2,1,0,314000.00
70,0.60602669973,0.36368708702,2,0,0,550000.00
39,0.62337584808,0.51629695398,1,1,0,220000.00
58,0.57154340663,0.18149919119,2,1,0,340000.00
55,0.61548854619,0.41522265293,2,1,0,380000.00
51,0.68867187320,0.44677731406,1,0,0,350000.00
67,0.57169717794,0.47594181608,3,1,0,341000.00
107,0.60925298143,0.20338831387,3,2,1,430000.00
57,0.73884152808,0.37766620565,2,1,1,359990.00
45,0.81724110942,0.36349205177,2,1,0,270000.00
30,0.71019786163,0.44436804237,1,0,0,199784.00
54,0.70140404563,0.84475694004,2,1,0,180000.00
72,0.56753553084,0.43026577787,2,2,1,610000.00
73,0.48712157602,0.30260804258,3,1,1,480000.00
50,0.74005988180,0.91926083814,2,1,0,100000.00
253,0.66826279855,0.41392994716,4,3,3,1790000.00
35,0.61611130465,0.26845776206,1,1,0,219999.00
60,0.49948742897,0.29362925407,3,1,0,340000.00
37,0.72928146442,0.38098788610,1,1,0,365000.00
44,0.68427435134,0.39036912483,1,0,0,289000.00
32,0.68262215381,0.42014501240,1,0,0,220000.00
110,0.60602669973,0.36368708702,3,2,1,1200000.00
73,0.60776898086,0.19245374320,3,1,0,420000.00
145,0.56113806116,0.33605723872,4,2,3,1070000.00
87,0.71822143989,0.56097218771,3,2,1,540000.00
56,0.68513006874,0.49927654521,1,1,0,290000.00
72,0.80166723704,0.40169333162,2,1,1,430000.00
56,0.71383542787,0.43544811194,2,1,0,340000.00
100,0.60904733916,0.29723349672,3,2,1,900000.00
61,0.71135866621,0.38568545550,2,0,0,300000.00
30,0.69762713373,0.40404939213,1,0,0,205000.00
407,0.62387015686,0.34351114698,4,5,4,11990000.00
48,0.58332901075,0.20838039083,2,1,0,330000.00
76,0.65579949572,0.13832863917,3,2,1,445000.00
102,0.74453060617,0.37066187752,3,2,1,960400.00
54,0.62207017312,0.42203259738,2,1,0,482000.00
39,0.69046387679,0.39951189063,1,0,0,210000.00
50,0.73848549071,0.65209187246,2,1,0,290000.00
93,0.56552054351,0.82068833107,3,2,1,1030000.00
72,0.64064243259,0.11336347620,3,1,1,450000.00
55,0.71019786163,0.44436804237,1,0,0,210000.00
90,0.67767216018,0.36222063047,2,1,0,720000.00
70,0.59384653869,0.20506631198,2,1,1,345000.00
131,0.69424508569,0.31989450722,3,3,3,1360000.00
140,0.63565054319,0.30295597850,3,2,3,2050000.00
82,0.63766061966,0.44434024224,2,1,0,620000.00
99,0.64218321499,0.54085249949,3,2,1,651000.00
63,0.57191847358,0.41011633483,2,1,1,490000.00
68,0.62002464638,0.06018618264,2,1,0,255000.00
50,0.71249890657,0.16664567178,2,1,0,300000.00
51,0.55091595216,0.49056989386,2,1,0,224980.00
49,0.76627267244,0.37721445363,1,1,0,420000.00
75,0.59471898370,0.33371073450,2,1,1,660000.00
71,0.70408614263,0.45551480617,3,1,1,425427.00
90,0.72859900831,0.36074092543,2,2,0,700000.00
43,0.69175527956,0.35302378474,1,1,0,430000.00
170,0.68673653388,0.33732887721,3,2,2,2800000.00
40,0.69046387679,0.39951189063,1,0,0,220000.00
106,0.67631660930,0.50901223553,2,1,0,450000.00
44,0.73347365093,0.84625402016,2,1,0,189000.00
50,0.54675783474,0.38294953235,2,1,0,330000.00
55,0.66797367165,0.24812370881,3,1,0,327000.00
106,0.75466293851,0.54752865585,2,1,1,760000.00
50,0.58332901075,0.20838039083,1,1,0,325000.00
65,0.64495892526,0.15583272665,2,2,1,350000.00
56,0.59962247762,0.40796616899,2,2,1,600000.00
45,0.59244387424,0.32664928580,1,1,0,420000.00
61,0.58959803075,0.47395215251,2,1,1,340000.00
45,0.71274966737,0.38222629475,1,0,0,310000.00
58,0.57169717794,0.47594181608,2,1,1,400000.00
56,0.68513006874,0.49927654521,1,0,0,320000.00
49,0.59418293261,0.28182419202,1,1,0,658000.00
68,0.58997171651,0.21490560120,3,1,1,310000.00
31,0.55455397879,0.26557328200,1,1,0,336000.00
70,0.49067719228,0.33373592836,3,1,1,345000.00
64,0.58957409030,0.20227305108,2,1,2,395000.00
123,0.58262522310,0.34072266422,3,2,2,947000.00
96,0.72686777662,0.57151581914,3,1,1,580000.00
57,0.72454309817,0.54308715165,2,1,0,382000.00
130,0.69009571573,0.48168449639,2,1,0,450000.00
45,0.63035034384,0.92538316390,1,0,0,129500.00
75,0.76111197222,0.36384476584,3,1,0,410000.00
76,0.62442493060,0.55889499719,2,2,1,420000.00
85,0.59283382723,0.35083821718,3,1,0,445000.00
88,0.72645633862,0.33368792971,2,2,2,1086000.00
46,0.67767216018,0.36222063047,1,0,0,280000.00
60,0.57948795074,0.50632670011,2,2,1,290000.00
69,0.52032651082,0.22486847066,2,1,0,310000.00
53,0.78080329396,0.31420460370,2,1,1,299000.00
129,0.73593568001,0.20794536233,3,2,3,1295000.00
50,0.74733286578,0.20746190080,2,1,0,430000.00
170,0.73069149516,0.29995313073,4,3,2,1600000.00
55,0.71917215174,0.30935652269,2,1,1,750000.00
42,0.72928146442,0.38098788610,1,1,1,320000.00
276,0.68880968422,0.55366640199,3,3,3,900000.00
168,0.73771279755,0.33378197231,3,2,3,1326000.00
69,0.58449610738,0.29110270061,2,1,0,619000.00
67,0.58771793861,0.18291265375,2,1,1,370000.00
92,0.69932767254,0.18233276053,3,0,1,299000.00
48,0.63766061966,0.44434024224,2,1,0,350000.00
56,0.73297120855,0.82804949986,3,1,0,280000.00
75,0.50806378594,0.30759859922,3,1,1,407000.00
78,0.58213321629,0.20326321331,3,2,1,450000.00
69,0.69067427645,0.29435314324,2,1,0,650000.00
65,0.66236086535,0.56932786250,2,1,0,298000.00
85,0.65172532331,0.13252253982,3,2,1,491000.00
48,0.58332901075,0.20838039083,1,1,1,378000.00
65,0.57669581978,0.40308898472,2,2,1,530000.00
42,0.69175527956,0.35302378474,1,1,0,470000.00
40,0.73884152808,0.37766620565,2,1,0,280000.00
62,0.67847293732,0.36796417954,1,1,0,798000.00
68,0.67240296063,0.17495356511,2,1,2,424000.00
32,0.69190521426,0.44967482542,1,0,0,230000.00
240,0.73593568001,0.20794536233,4,3,4,2700000.00
47,0.55549962631,0.36040167704,2,1,0,310000.00
55,0.53685385740,0.38150414309,2,1,0,320000.00
89,0.60567541976,0.21469101900,3,2,1,360000.00
50,0.78369180055,0.22515559382,2,1,0,270000.00
221,0.70289372438,0.50880156271,4,4,4,1350000.00
43,0.66952611734,0.43111932856,1,1,0,500000.00
70,0.69357168398,0.65878605546,3,1,1,390000.00
55,0.68270134143,0.17529824321,3,1,0,540000.00
103,0.68253652069,0.35608527341,2,2,2,2200000.00
177,0.66210504023,0.45849289446,3,4,3,890000.00
115,0.73401016241,0.56768504892,3,1,1,529000.00
72,0.58403863005,0.33011995754,2,1,0,600000.00
45,0.60642386555,0.49344698951,2,1,0,280000.00
74,0.59943678572,0.33288042298,2,1,0,550000.00
58,0.57948795074,0.50632670011,2,1,0,300000.00
96,0.59201616901,0.33467570287,2,1,0,650000.00
96,0.69482825034,0.38106694270,3,0,1,650000.00
56,0.66302352456,0.72669828352,3,1,0,270000.00
62,0.77387207516,0.53565822006,2,1,0,380000.00
65,0.59111333805,0.52207416726,2,1,0,338000.00
75,0.66558146887,0.20257885245,3,2,1,525000.00
57,0.69701097424,0.84642429592,3,1,0,190000.00
48,0.70487847923,0.80911175129,2,1,0,225000.00
70,0.66796768654,0.16432848800,2,1,1,371000.00
45,0.67764975438,0.67532256831,2,1,0,259209.00
60,0.79831189180,0.45461282246,2,1,0,389999.00
65,0.55067240419,0.39068513406,3,1,0,440000.00
60,0.52376257832,0.35903795064,2,1,0,260000.00
80,0.66819327918,0.43435348205,3,2,1,750000.00
52,0.70327216755,0.45135499542,2,1,0,450000.00
63,0.52527251438,0.32528425627,2,1,1,456000.00
70,0.63152848990,0.33539633421,1,1,0,1000000.00
82,0.62309577559,0.42506650311,3,2,1,799000.00
63,0.52912400996,0.30527598573,2,1,0,320000.00
51,0.90319267300,0.53100365398,2,1,0,250000.00
70,0.72139216748,0.32636498609,2,1,0,498000.00
521,0.61363085985,0.36153040552,3,5,3,6900000.00
75,0.78529412216,0.49552309408,2,0,0,270000.00
66,0.50987328446,0.33704283999,2,2,1,349000.00
55,0.63853951017,0.31639929318,2,2,2,770000.00
38,0.66315028613,0.23436547086,1,1,0,380000.00
70,0.65287292996,0.13349076602,2,1,0,344500.00
310,0.66790338496,0.38686913265,4,5,4,6000000.00
50,0.70813499341,0.29693377663,1,1,0,399000.00
61,0.68214518651,0.61905251096,3,1,1,400000.00
75,0.58959803075,0.47395215251,3,2,1,485000.00
74,0.63135691672,0.32197082898,2,2,1,850000.00
124,0.64390738731,0.42451527877,2,1,1,1179000.00
70,0.58368059765,0.23048322697,2,2,1,560000.00
59,0.46608253008,0.30161201626,2,1,0,285000.00
45,0.58449610738,0.29110270061,1,1,0,300000.00
45,0.60599938307,0.29174405816,1,1,1,550000.00
90,0.74181397968,0.36368165730,2,0,1,470000.00
67,0.55482729886,0.40576604979,3,1,1,560000.00
50,0.76056640634,0.59774284711,2,1,0,250000.00
55,0.78948124435,0.69137388213,2,1,0,225000.00
65,0.63766061966,0.44434024224,2,1,1,500000.00
216,0.58242894215,0.22623350019,4,3,2,1080000.00
111,0.65629687378,0.39216722817,3,3,1,1379000.00
117,0.68067607199,0.37103174948,3,1,1,1100000.00
78,0.61516887988,0.30093569136,2,1,0,690000.00
53,0.79303133589,0.40665999753,2,1,0,330000.00
68,0.77021609320,0.25673544881,3,2,1,470000.00
40,0.62426256528,0.39320625781,1,1,0,475000.00
32,0.62620465703,0.33371898766,1,1,1,374000.00
80,0.63853106963,0.22558627855,3,1,0,480000.00
63,0.56314614260,0.40794466733,2,1,1,447000.00
68,0.59041599590,0.17689088625,3,1,1,410000.00
79,0.55091595216,0.49056989386,2,1,0,285800.00
200,0.57845620971,0.20095754052,4,3,3,1500000.00
58,0.79622769203,0.32602139393,2,1,0,250000.00
42,0.69625408791,0.35069465560,1,0,0,320000.00
220,0.59088728502,0.33108275402,4,3,3,1790000.00
65,0.69824559519,0.17872439131,1,0,0,480000.00
107,0.67444511116,0.37377570860,3,2,2,1250000.00
50,0.66895753180,0.43711112405,2,1,0,405000.00
78,0.70876941516,0.60324900919,2,1,0,570000.00
39,0.69902181803,0.40148352756,1,1,1,330000.00
67,0.73963279043,0.65004335082,3,1,1,400000.00
52,0.71806475276,0.37733933700,1,0,0,410000.00
60,0.57845620971,0.20095754052,2,1,1,400000.00
50,0.64673450815,0.51772952912,2,1,0,328000.00
64,0.73632241025,0.35050266099,2,2,1,629000.00
48,0.76340350236,0.92979143826,2,1,0,180000.00
95,0.62876106670,0.40096965964,3,2,1,1064000.00
55,0.58596829119,0.17272868643,2,1,1,350000.00
125,0.71690149275,0.48848966270,2,2,2,1200000.00
407,0.67123356205,0.36645928064,4,5,4,8744300.00
75,0.77591698805,0.27952047392,3,0,1,480000.00
64,0.67881117282,0.17346495534,3,0,0,410000.00
62,0.70107992885,0.50742132999,2,2,1,448000.00
243,0.62620465703,0.33371898766,3,4,3,2790000.00
41,0.67700305548,0.45485933137,2,0,0,147700.00
140,0.51591855338,0.32408385560,3,2,3,900000.00
145,0.61899812313,0.33704653220,3,2,1,1390000.00
220,0.58737632689,0.22767671757,3,4,3,1250000.00
92,0.60155965851,0.18403595251,3,2,0,570000.00
74,0.73069149516,0.29995313073,2,1,1,670000.00
72,0.68427435134,0.39036912483,2,2,0,490000.00
114,0.60155965851,0.18403595251,3,2,1,580000.00
50,0.82441188612,0.37939719775,2,1,0,247000.00
120,0.69483392852,0.55616863034,3,3,2,900000.00
104,0.63104860677,0.45054423087,3,2,1,590000.00
55,0.60109174561,0.41359308785,2,1,1,530000.00
133,0.59591140194,0.31774282105,2,2,1,1000000.00
60,0.63214863946,0.54888217439,3,1,1,360000.00
70,0.66796768654,0.16432848800,2,1,1,560000.00
63,0.78083229873,0.51017549697,3,1,1,369999.00
80,0.55417660988,0.35070899004,2,1,1,455000.00
500,0.65261495633,0.29472149488,5,6,5,11700000.00
50,0.72125067332,0.57922123165,2,1,0,355000.00
66,0.64000923856,0.53128795368,3,1,1,345000.00
48,0.73316841028,0.20448967660,2,2,0,480000.00
62,0.56855637591,0.19530998876,2,1,0,420000.00
56,0.69871059227,0.85079782012,3,1,0,169000.00
88,0.64462053630,0.40512816726,2,1,0,530000.00
42,0.70356221523,0.84414490293,2,1,0,130000.00
84,0.67802681637,0.51556828666,2,1,0,350000.00
80,0.67658164228,0.52913387845,3,2,1,585000.00
94,0.56175329987,0.41996018501,3,2,1,840000.00
80,0.66658451207,0.38814489772,2,2,2,940000.00
104,0.63766061966,0.44434024224,3,2,3,900000.00
47,0.74733286578,0.20746190080,2,1,0,400000.00
75,0.72577741219,0.37863160839,1,0,0,320000.00
82,0.53347917565,0.13309331112,3,1,0,511000.00
76,0.73362496681,0.29033993470,3,2,1,795000.00
106,0.66917729280,0.16782174734,3,2,1,635000.00
70,0.81174263409,0.40748618247,3,2,1,440000.00
70,0.70451553597,0.19457697767,3,1,1,320000.00
82,0.64445433437,0.17893289224,3,1,1,575000.00
208,0.66505232368,0.41700164368,4,3,2,1900000.00
78,0.63860918300,0.21186887203,3,2,1,600000.00
295,0.63834537773,0.34001441263,4,4,4,10000000.00
64,0.73453086706,0.42125093608,3,1,1,439000.00
57,0.71965755958,0.61454346115,2,2,0,350000.00
51,0.69387400881,0.85120656882,2,1,0,175000.00
70,0.57361041839,0.19056333476,3,2,1,410000.00
68,0.49948742897,0.29362925407,3,2,0,359000.00
70,0.58676615251,0.22416912379,1,2,0,435000.00
165,0.59418293261,0.28182419202,4,3,3,1650000.00
62,0.65400994756,0.23691005096,2,1,1,500000.00
47,0.58452035475,0.46930866304,2,1,0,370000.00
80,0.66695865823,0.36053633389,2,1,0,830000.00
69,0.82423448130,0.37467378292,2,1,0,370000.00
57,0.61899812313,0.33704653220,2,1,0,530000.00
60,0.61411872311,0.64946345761,3,1,1,265000.00
130,0.65146443386,0.55204443850,4,2,1,850000.00
64,0.68434479150,0.49275220359,2,1,0,379000.00
50,0.78343904471,0.26726843800,2,1,0,300000.00
50,0.74903785506,0.21831524298,2,1,0,490000.00
249,0.66819327918,0.43435348205,4,4,3,1990000.00
68,0.63650288436,0.12907119786,3,1,1,279000.00
30,0.78285526621,0.43387284397,1,1,1,256140.00
57,0.70326602897,0.75398215058,2,1,0,185000.00
68,0.51858008615,0.29314905037,3,1,0,410000.00
46,0.71597686985,0.37749745021,1,0,0,335000.00
91,0.53330836979,0.29388336458,3,1,0,435000.00
79,0.59938752365,0.18968524178,2,2,2,426000.00
68,0.66895753180,0.43711112405,2,1,0,554000.00
48,0.70902953729,0.74787133581,2,1,0,221500.00
62,0.75905907918,0.28943925412,2,1,1,578000.00
48,0.59041599590,0.17689088625,2,1,0,320000.00
50,0.74287595321,0.53058209116,2,1,0,220000.00
72,0.79825587730,0.26503986712,2,1,1,420000.00
50,0.65450057319,0.87926406122,2,1,0,85000.00
56,0.70955730130,0.75181917062,2,1,0,185000.00
50,0.68604640456,0.29600877094,1,1,0,570000.00
71,0.68462425013,0.42441081112,3,2,1,500000.00
97,0.59131867339,0.40099268162,3,2,1,659000.00
54,0.73429468537,0.30435619256,2,1,0,485000.00
54,0.68556406601,0.44372950827,2,2,0,450000.00
52,0.61794090701,0.43384200321,1,1,1,400000.00
54,0.74318748590,0.81794328601,2,1,0,205000.00
80,0.64048728010,0.22894900762,3,1,1,525000.00
75,0.78632156620,0.41051270379,3,1,1,480000.00
92,0.53653772078,0.29126624353,3,2,1,650000.00
48,0.59041599590,0.17689088625,2,1,0,330000.00
130,0.69509696647,0.54709927424,4,2,1,795000.00
80,0.72403881421,0.35482731779,2,0,0,530000.00
51,0.62030778816,0.67033179448,2,1,0,270000.00
52,0.62690798429,0.59451520927,2,1,0,266000.00
140,0.70314617329,0.47273546271,3,2,1,950000.00
74,0.63979254685,0.21157458165,3,1,1,530000.00
222,0.57737259771,0.26667225565,4,3,3,2200000.00
87,0.57169717794,0.47594181608,3,2,1,520000.00
72,0.68389115078,0.15079243385,3,1,1,610000.00
84,0.67138840761,0.37174890580,2,1,0,790000.00
104,0.73259798317,0.29237064689,3,2,1,1120000.00
54,0.63732929006,0.52976676565,2,1,0,255000.00
43,0.79262557607,0.40990283857,2,0,0,224800.00
50,0.73736213144,0.57408841656,2,0,0,285000.00
103,0.77059714526,0.39714801134,3,2,1,700000.00
58,0.74414832639,0.39194439280,2,1,1,445000.00
110,0.59244387424,0.32664928580,3,2,1,880000.00
170,0.69245477021,0.57785055522,3,3,1,950000.00
41,0.63336545854,0.34109427370,1,1,1,600000.00
65,0.74719014390,0.55890933163,3,1,1,360000.00
64,0.76645222577,0.34739165336,2,1,0,374000.00
184,0.62620465703,0.33371898766,3,0,3,3353100.00
31,0.64158884744,0.47437393252,1,1,0,350000.00
74,0.73267072529,0.38218459456,3,0,0,450000.00
43,0.69332107664,0.44987029505,2,0,0,305000.00
48,0.62539467202,0.61763535620,2,1,0,245000.00
240,0.68253652069,0.35608527341,3,2,1,1800000.00
73,0.48752656852,0.27246792995,3,1,0,372500.00
61,0.65058508296,0.60518024905,3,1,2,395000.00
64,0.72233888926,0.30024633516,2,1,0,420000.00
64,0.64191342460,0.61142810975,2,1,1,290200.00
732,0.64086188666,0.34145241748,5,7,5,25000000.00
53,0.65972235224,0.47901655324,2,1,0,415000.00
67,0.62230405284,0.39486014800,2,0,1,598000.00
46,0.55922098411,0.48492907493,2,1,0,330000.00
53,0.77550601043,0.42317696343,2,1,1,410000.00
70,0.72125067332,0.57922123165,3,1,1,465000.00
73,0.65400994756,0.23691005096,3,1,1,440000.00
70,0.61028687097,0.30235089143,2,1,0,620000.00
93,0.62422834272,0.32506098652,3,1,0,640000.00
120,0.72826092628,0.30888218307,3,1,1,1100000.00
77,0.78023946582,0.40364129500,2,1,1,500000.00
58,0.62789199791,0.41411542612,2,1,1,650000.00
121,0.71942306600,0.31259197932,4,3,1,980000.00
35,0.73218455013,0.18806588456,2,0,0,198000.00
58,0.58862337846,0.41395253476,2,1,0,378000.00
80,0.60323748460,0.40370579997,2,1,1,650000.00
236,0.61804925286,0.26419565554,3,4,3,1420000.00
35,0.69250249763,0.36170285316,1,1,0,420000.00
72,0.67528348708,0.42372015179,2,1,0,600000.00
105,0.68516812790,0.62080109532,2,2,2,810000.00
68,0.71168692652,0.36577578852,2,0,1,630000.00
170,0.70594474975,0.57012342386,4,3,2,1000000.00
56,0.70326602897,0.75398215058,2,1,0,190000.00
58,0.61580606399,0.42425812763,2,1,1,490000.00
91,0.66797367165,0.24812370881,2,2,2,600000.00
93,0.73884152808,0.37766620565,3,2,1,657000.00
65,0.74519311190,0.36925254154,2,1,1,429999.00
49,0.64712538193,0.12936440229,2,1,0,259000.00
65,0.64000923856,0.53128795368,3,1,1,425000.00
52,0.53895785408,0.38102089874,2,1,0,330000.00
96,0.60155965851,0.18403595251,2,2,2,600000.00
240,0.64445034430,0.31470153092,3,2,3,3000000.00
193,0.66785688526,0.38370339353,3,4,3,2900000.00
160,0.69368417337,0.31742985247,4,3,2,1100000.00
35,0.73132254069,0.32913348751,1,1,0,480000.00
54,0.55700311686,0.50422865950,2,1,0,290000.00
90,0.62789199791,0.41411542612,2,0,0,480000.00
49,0.71036298930,0.38043231799,1,0,0,330000.00
53,0.73072556425,0.59973815758,2,1,1,360000.00
77,0.72588115411,0.52712271322,3,2,1,390000.00
41,0.67964525174,0.45828765136,2,1,0,184000.00
61,0.76555937000,0.48304170714,3,1,0,350000.00
54,0.62667042143,0.19453896969,2,1,0,390000.00
78,0.66895753180,0.43711112405,2,2,0,530000.00
50,0.78128824141,0.30785965976,2,1,0,298000.00
98,0.67767216018,0.36222063047,2,0,0,400000.00
64,0.73288051110,0.29856377609,2,1,1,570000.00
55,0.59544180094,0.28177923400,1,1,1,537000.00
55,0.58214457266,0.39574953478,2,1,0,480000.00
197,0.69159721125,0.57537221760,3,5,3,2200000.00
69,0.59938752365,0.18968524178,3,2,1,480000.00
47,0.63999373865,0.91604036752,2,1,0,128000.00
62,0.65329280851,0.38820940270,2,1,0,590000.00
70,0.73492296855,0.17937356764,1,1,1,565000.00
69,0.62798146764,0.30839785279,2,1,0,535000.00
79,0.73492296855,0.17937356764,2,2,2,710000.00
80,0.69737361057,0.54687035760,3,2,0,550000.00
50,0.58212446882,0.27701129554,1,1,1,690000.00
178,0.69438842142,0.31384124739,3,1,1,1070000.00
130,0.62857153819,0.33142547742,4,3,1,1900000.00
42,0.59592797610,0.16811343146,2,1,1,210341.00
94,0.72403881421,0.35482731779,2,0,0,530000.00
100,0.61516887988,0.30093569136,2,2,2,980000.00
50,0.71249046603,0.15741451027,2,1,0,250000.00
45,0.74813471717,0.86784646339,2,1,0,198000.00
87,0.55354341584,0.34435687888,3,2,1,690000.00
60,0.68287337500,0.52862500586,2,2,1,395000.00
64,0.59546343941,0.19535364364,2,1,0,300000.00
70,0.59384653869,0.20506631198,3,1,1,400000.00
37,0.73269773502,0.36602055993,1,1,0,298999.00
49,0.62257844716,0.33853644509,2,1,1,550000.00
27,0.69878778485,0.36124914645,1,1,1,350000.00
27,0.69878778485,0.36124914645,1,1,1,350000.00
41,0.69329713620,0.38546153418,1,1,0,520000.00
51,0.78083229873,0.51017549697,2,1,0,380000.00
68,0.73364062018,0.35736103847,1,0,0,380000.00
129,0.68513006874,0.49927654521,3,3,3,1180000.00
57,0.55549962631,0.36040167704,3,0,0,360000.00
100,0.59048781723,0.33387362585,3,2,1,1150000.00
92,0.57902985956,0.45142710199,2,1,1,525000.00
70,0.77954120288,0.41470531000,3,1,1,528000.00
60,0.70975880003,0.16574564276,3,1,0,339500.00
120,0.60695853546,0.32286521110,3,2,1,1050000.00
71,0.59244387424,0.32664928580,2,2,1,920000.00
42,0.81301654193,0.38487925190,2,1,0,245000.00
103,0.63766061966,0.44434024224,3,0,3,950000.00
37,0.69331324996,0.42592070536,1,0,0,222000.00
55,0.65987428198,0.48167363697,2,1,0,371000.00
54,0.62207017312,0.42203259738,2,1,0,490000.00
87,0.61087371876,0.25350368439,2,2,0,500000.00
80,0.64591071135,0.23161999142,2,1,0,700000.00
46,0.69272087745,0.42507475627,1,0,0,195000.00
67,0.58857350253,0.18733678287,2,2,1,478000.00
146,0.58757828602,0.22945201612,3,2,3,860000.00
61,0.53749595238,0.46094364915,3,1,1,385000.00
70,0.58035103443,0.33602292294,2,1,0,350000.00
53,0.64000923856,0.53128795368,2,0,1,455000.00
100,0.68773696819,0.33319903846,3,2,1,1200000.00
88,0.71565689661,0.37425482636,2,0,0,530000.00
86,0.68389115078,0.15079243385,2,2,1,690000.00
65,0.66315028613,0.23436547086,2,1,0,590000.00
54,0.57948119831,0.19041130284,1,1,1,370000.00
92,0.72069543919,0.26448343026,3,1,1,750000.00
75,0.77129249237,0.47730271903,3,2,1,560000.00
120,0.61414496552,0.29066484865,3,2,1,1400000.00
47,0.80467559932,0.56540674188,2,1,0,240000.00
65,0.58219629015,0.41361632701,3,1,0,430000.00
75,0.52753488629,0.30070872941,3,1,1,410000.00
106,0.71521184991,0.59395920679,3,2,1,730000.00
35,0.62772947913,0.25411506993,1,1,0,220000.00
65,0.68604640456,0.29600877094,2,1,1,1079160.00
60,0.67133131886,0.44685463315,2,0,0,420000.00
49,0.73884152808,0.37766620565,2,1,0,330000.00
260,0.74202622092,0.60786535010,3,3,3,1090000.00
58,0.55255280326,0.35415316478,2,1,0,295000.00
62,0.54703729338,0.48360096744,2,1,0,245000.00
62,0.70451553597,0.19457697767,2,1,1,393000.00
432,0.63665435371,0.36161510902,4,4,4,6490000.00
104,0.83410669151,0.41025359794,3,2,1,770000.00
85,0.60183512708,0.42081330132,2,2,1,800000.00
60,0.72995977699,0.30170258385,2,1,0,555000.00
53,0.69770309860,0.15881428996,2,1,0,430000.00
45,0.69585185776,0.91437431477,2,1,0,160000.00
120,0.62309577559,0.42506650311,4,2,2,945000.00
51,0.59752369874,0.29532745071,1,1,1,489000.00
92,0.60439353178,0.18021973392,3,2,1,610000.00
73,0.64064243259,0.11336347620,3,2,1,450000.00
66,0.67631660930,0.50901223553,2,1,0,383000.00
130,0.70765557068,0.36675943510,3,1,1,1150000.00
90,0.62690798429,0.59451520927,3,1,0,320000.00
74,0.63766061966,0.44434024224,2,0,0,360400.00
73,0.60113717107,0.41857995229,3,1,1,560000.00
73,0.69824559519,0.17872439131,2,2,1,480000.00
60,0.71560962958,0.58038948843,3,1,0,380000.00
60,0.65058508296,0.60518024905,2,1,1,480000.00
186,0.58676615251,0.22416912379,3,4,3,1600000.00
37,0.59752369874,0.29532745071,1,1,0,380000.00
103,0.23117460103,0.25447386528,3,2,1,1050000.00
69,0.62789261176,0.48851377062,2,1,1,380710.00
97,0.72269953055,0.54301938885,2,1,0,430000.00
35,0.73218455013,0.18806588456,2,0,0,198000.00
75,0.52469257248,0.31378282369,3,1,1,379000.00
50,0.72506840675,0.28938799764,1,1,0,475000.00
50,0.73771279755,0.33378197231,1,0,0,350000.00
102,0.55165871977,0.27254915844,3,2,1,780000.00
43,0.57495077630,0.34713211314,1,1,1,353000.00
40,0.69697245468,0.37289088278,1,1,0,440000.00
45,0.66770157930,0.70113281162,2,1,0,235000.00
110,0.80533810505,0.46506784099,3,3,3,930000.00
173,0.62230405284,0.39486014800,3,3,3,2350000.00
63,0.61458985877,0.46498617813,2,1,1,505000.00
92,0.83332540434,0.45369824182,3,2,3,680000.00
72,0.60909675469,0.48169926521,3,1,1,495000.00
70,0.62107971400,0.56096502049,3,1,0,350000.00
57,0.73884152808,0.37766620565,2,1,1,370000.00
86,0.72881186341,0.38702920056,2,0,0,380000.00
45,0.70720684083,0.47402990598,1,1,0,380000.00
72,0.66433810045,0.37030851188,2,1,0,689000.00
63,0.72860775578,0.63643823073,3,1,1,345000.00
57,0.77221726873,0.87259463770,2,1,0,220000.00
44,0.59934547441,0.31222970895,1,1,1,479000.00
67,0.49948742897,0.29362925407,3,0,1,385000.00
46,0.59688958391,0.13828911087,2,1,0,228000.00
54,0.75235084413,0.28630913390,2,1,0,406000.00
70,0.69291976729,0.48016526305,3,1,1,465000.00
50,0.71565689661,0.37425482636,1,1,0,500000.00
750,0.67618232796,0.36267564032,4,3,4,15000000.00
45,0.67444511116,0.37377570860,1,1,1,700000.00
84,0.72995977699,0.30170258385,3,1,1,670000.00
80,0.70748445789,0.59970861995,3,1,1,430000.00
60,0.50464076290,0.30590170571,2,1,0,305000.00
173,0.62620465703,0.33371898766,3,3,3,2950000.00
82,0.53330836979,0.29388336458,3,1,1,575000.00
52,0.53858846531,0.46609796590,2,1,0,216000.00
51,0.81767648788,0.27522644070,2,1,0,260000.00
123,0.58262522310,0.34072266422,3,2,1,1200000.00
131,0.59244387424,0.32664928580,3,2,1,1200000.00
80,0.60316842562,0.43426682385,2,1,0,480000.00
73,0.60185262202,0.31004414138,2,1,1,808000.00
56,0.60412036518,0.36331287128,2,1,1,645000.00
58,0.60185262202,0.31004414138,2,1,1,539900.00
56,0.63152680179,0.31874384271,2,1,1,750000.00
332,0.68319212052,0.29590039389,4,4,4,6000000.00
58,0.70140404563,0.84475694004,2,1,0,140000.00
95,0.66408595847,0.44267158323,3,2,1,740000.00
47,0.71335354971,0.84984957527,2,0,0,149000.00
125,0.73593568001,0.20794536233,3,2,3,990000.00
150,0.68108612881,0.35157861267,3,2,1,1350000.00
89,0.58384127486,0.22065957532,1,2,1,650000.00
54,0.67762811590,0.39559619972,2,1,0,550000.00
120,0.70561004394,0.59183075979,3,2,3,550000.00
78,0.69102079903,0.51622745367,3,1,0,490000.00
70,0.75054947922,0.32664342171,2,1,1,520000.00
126,0.59015802227,0.19430397177,3,2,1,530000.00
74,0.71915726569,0.31231050306,3,1,1,680000.00
31,0.75054947922,0.32664342171,1,0,0,179000.00
69,0.68931795825,0.59276358427,3,1,1,495000.00
84,0.69438842142,0.31384124739,2,2,2,1200000.00
71,0.70640483597,0.35793050664,1,1,1,1130000.00
108,0.70885919183,0.37134298056,2,1,0,770000.00
42,0.63152680179,0.31874384271,1,1,1,535000.00
57,0.73405973141,0.21245158869,2,1,1,510000.00
43,0.76617905917,0.82409124001,2,1,0,190000.00
116,0.70640483597,0.35793050664,3,2,1,1350000.00
41,0.67700305548,0.45485933137,2,0,0,189900.00
68,0.49948742897,0.29362925407,3,1,1,425000.00
34,0.60496549353,0.30089572868,1,1,0,465800.00
64,0.60050182853,0.18549545902,1,2,0,560000.00
72,0.72723148721,0.77954870842,3,2,0,223000.00
35,0.61516887988,0.30093569136,1,1,0,435000.00
82,0.64445433437,0.17893289224,3,2,1,575000.00
88,0.59703245925,0.18267027142,1,2,1,540000.00
52,0.52753488629,0.30070872941,2,1,0,403000.00
63,0.53556843974,0.45762826717,3,1,1,390000.00
73,0.68181201534,0.28013946106,2,2,1,830000.00
160,0.49948742897,0.29362925407,3,2,3,1170000.00
48,0.69175527956,0.35302378474,1,1,0,600000.00
144,0.61198234546,0.25722021347,2,2,1,1200000.00
41,0.70592295781,0.80449845101,2,0,0,179000.00
70,0.68067484427,0.15847026342,3,1,1,455000.00
53,0.64000923856,0.53128795368,2,1,0,300000.00
50,0.69950308233,0.59402392896,2,1,0,401900.00
86,0.71148957133,0.57401783030,3,2,1,580000.00
100,0.75054947922,0.32664342171,3,2,1,750000.00
86,0.64452784381,0.39461733129,3,2,1,980000.00
95,0.69509696647,0.54709927424,3,2,1,845000.00
72,0.74242047092,0.26816195136,2,2,1,830000.00
72,0.72826092628,0.30888218307,3,1,1,630000.00
73,0.60183512708,0.42081330132,2,1,0,429000.00
127,0.59015802227,0.19430397177,3,2,1,640000.00
160,0.66196369954,0.38091599671,3,2,1,1270000.00
67,0.63766061966,0.44434024224,3,0,0,500000.00
56,0.61427694489,0.34917129568,2,1,1,545000.00
41,0.70592295781,0.80449845101,2,0,0,179000.00
67,0.68604640456,0.29600877094,2,1,0,475000.00
35,0.70028037943,0.29061728438,1,1,0,370000.00
73,0.48712157602,0.30260804258,3,1,1,438000.00
115,0.59871228037,0.44461628879,3,2,1,850000.00
75,0.64064243259,0.11336347620,3,2,1,480000.00
53,0.61550097680,0.46796578673,2,1,1,385000.00
117,0.71686374051,0.33609915609,3,1,0,800000.00
64,0.62713940858,0.30102582458,2,2,1,810000.00
64,0.68183841121,0.42132217390,3,2,1,680000.00
55,0.73259798317,0.29237064689,2,1,1,520000.00
60,0.70156426244,0.62321709986,3,1,0,400000.00
57,0.62606761334,0.46513755849,2,1,0,550000.00
68,0.62946516128,0.48694827613,2,1,1,469000.00
120,0.57516838879,0.24015376075,3,1,1,612000.00
78,0.73492296855,0.17937356764,2,2,1,689000.00
78,0.73492296855,0.17937356764,3,2,1,690000.00
49,0.77444511116,0.27307432016,2,1,0,330000.00
144,0.73254764685,0.30203227594,4,2,3,1050000.00
62,0.71863149672,0.39308680415,2,0,0,350000.00
92,0.72046355451,0.23601545166,3,2,1,750000.00
820,0.65275153963,0.29916147876,5,11,5,20500000.00
63,0.68811034703,0.16443360722,3,1,1,370000.00
54,0.71964651014,0.82311671535,2,1,0,210000.00
96,0.54599220094,0.36576601504,2,2,0,450000.00
74,0.69840842090,0.55981022940,3,2,1,550000.00
48,0.70287807101,0.73425731100,2,1,0,202000.00
70,0.62440298519,0.33772915555,2,1,0,719000.00
102,0.51858008615,0.29314905037,3,2,1,620000.00
180,0.69272164477,0.56103604112,3,4,3,1470000.00
75,0.73820127468,0.47785177148,3,1,1,400000.00
120,0.66069746492,0.54026044372,3,2,1,900000.00
58,0.64191342460,0.61142810975,2,1,1,257790.00
63,0.65976194605,0.57067356226,2,1,1,430000.00
55,0.67929013516,0.31482706585,1,1,1,699000.00
160,0.54702808552,0.22642180259,3,2,3,955000.00
70,0.69067427645,0.29435314324,2,1,0,649000.00
96,0.59201616901,0.33467570287,2,1,1,850000.00
108,0.66917729280,0.16782174734,4,2,2,665000.00
104,0.63979254685,0.21157458165,3,2,1,820000.00
95,0.71521184991,0.59395920679,2,1,1,480000.00
59,0.54831381011,0.40810147740,2,1,0,360000.00
58,0.69058465325,0.31470826376,1,1,0,660000.00
79,0.77152621862,0.19203109444,3,2,1,585000.00
205,0.79458086575,0.42807586654,3,4,1,2200000.00
67,0.73909520470,0.64288438450,3,1,1,480000.00
58,0.64985459250,0.62733564480,2,1,0,300000.00
48,0.68834775643,0.84445244181,2,1,0,199900.00
30,0.69705317694,0.28057883333,1,1,0,389000.00
92,0.59244387424,0.32664928580,1,2,1,820000.00
70,0.63523189235,0.33862353767,2,1,0,850000.00
60,0.68112418798,0.42296802812,2,1,1,430000.00
68,0.68490140681,0.43770165949,3,2,1,630000.00
91,0.66069746492,0.54026044372,3,2,1,845000.00
68,0.64782763495,0.48063873391,2,2,1,559000.00
65,0.52185731803,0.37716580341,2,1,1,341579.00
49,0.62659737238,0.54965579971,2,1,0,281000.00
111,0.62101357086,0.34475867755,3,2,1,1100000.00
200,0.59384653869,0.20506631198,4,3,3,840000.00
40,0.69879223532,0.39940351359,1,0,0,230000.00
288,0.61180417331,0.35724310513,4,4,4,4854000.00
120,0.53813958199,0.64967304448,3,1,0,1100000.00
45,0.77145071415,0.33550123624,2,1,0,310439.00
55,0.55125863813,0.35881250901,2,1,0,440000.00
67,0.68759915717,0.30329479252,2,0,0,480000.00
40,0.70205442768,0.37425156854,1,1,0,450000.00
98,0.57613828369,0.34907356087,1,2,1,649000.00
47,0.63876571667,0.44139386347,1,1,1,550000.00
60,0.62292005887,0.18161973079,2,1,0,318000.00
50,0.55953052176,0.41210773591,2,1,0,390000.00
56,0.60346844849,0.21544205672,3,1,0,260000.00
83,0.74519311190,0.36925254154,3,2,1,640000.00
63,0.60508627000,0.16588225431,2,2,1,275000.00
26,0.73132254069,0.32913348751,1,1,1,350000.00
124,0.67051642299,0.60169893508,3,2,1,950000.00
49,0.72392755253,0.60604053258,2,1,0,329000.00
53,0.60185262202,0.31004414138,1,1,0,600000.00
43,0.72878608139,0.31323398843,1,1,0,400000.00
110,0.57254844487,0.18666675644,3,2,1,395000.00
57,0.73632241025,0.35050266099,2,1,0,575000.00
49,0.69424508569,0.31989450722,1,1,0,680000.00
45,0.62539467202,0.61763535620,2,1,0,245000.00
40,0.67542789706,0.36964500110,1,1,0,530000.00
49,0.65560674445,0.17401335622,2,1,0,299000.00
42,0.72386539946,0.36842266440,1,0,0,320000.00
35,0.65176706562,0.42007312301,1,1,1,360000.00
46,0.73308968305,0.58539416232,2,1,0,268000.00
50,0.57788716378,0.18763672014,1,1,1,425000.00
70,0.58236325940,0.21069974650,3,1,0,300000.00
76,0.69685582175,0.50581174625,2,1,0,370000.00
33,0.59934547441,0.31222970895,1,1,0,360000.00
54,0.72913060893,0.30676763614,2,1,0,636000.00
65,0.73074137108,0.48628281066,2,1,1,485000.00
45,0.64064243259,0.11336347620,2,1,0,130000.00
165,0.58826396488,0.20478765918,2,2,2,1100000.00
65,0.69701036038,0.60899711921,3,1,0,460000.00
97,0.72125067332,0.57922123165,3,2,1,670000.00
74,0.72269953055,0.54301938885,3,1,1,510000.00
83,0.59292099500,0.32558506230,2,1,1,675000.00
72,0.76111197222,0.36384476584,3,2,0,370000.00
63,0.57850209556,0.42586771137,1,0,0,250000.00
70,0.50464076290,0.30590170571,2,1,1,440000.00
55,0.60971091914,0.36282767224,2,1,0,550000.00
70,0.71274966737,0.38222629475,2,0,0,550000.00
63,0.63701115840,0.30304285389,2,1,1,900000.00
55,0.68112342066,0.45169598132,2,0,0,340000.00
83,0.68689966652,0.43864946997,2,1,1,556000.00
121,0.72403881421,0.35482731779,2,1,0,820000.00
82,0.60412036518,0.36331287128,2,1,0,550000.00
76,0.75054947922,0.32664342171,3,2,1,519000.00
127,0.53653772078,0.29126624353,3,1,1,680000.00
47,0.76011598838,0.60317494792,2,1,0,240000.00
93,0.71168692652,0.36577578852,2,1,1,750000.00
105,0.73826005153,0.32423545315,3,1,1,650000.00
87,0.71148957133,0.57401783030,3,2,0,560000.00
159,0.69697245468,0.37289088278,2,2,2,2065000.00
120,0.64999731437,0.39431391900,3,1,1,850000.00
48,0.71920299808,0.56260435906,2,1,0,370000.00
62,0.79526930697,0.47508131536,2,2,1,530000.00
62,0.48712157602,0.30260804258,2,1,1,420000.00
61,0.68253652069,0.35608527341,2,2,1,850000.00
40,0.72859900831,0.36074092543,1,1,0,565000.00
65,0.75905907918,0.28943925412,2,2,1,487000.00
80,0.69291976729,0.48016526305,3,1,1,532000.00
97,0.73734954736,0.21555390878,3,2,1,840000.00
59,0.74323245096,0.28325416090,2,1,1,550000.00
54,0.61516887988,0.30093569136,1,1,1,770000.00
88,0.62789199791,0.41411542612,2,0,0,628000.00
65,0.61054868120,0.26102470389,2,1,0,380000.00
50,0.78083229873,0.51017549697,2,2,1,375000.00
53,0.71243828814,0.52472560409,2,1,0,328000.00
111,0.67461653088,0.43016521961,2,2,1,1180000.00
180,0.80537662461,0.44819598914,3,2,1,935000.00
71,0.72546188942,0.32993925673,2,1,0,580000.00
32,0.60185262202,0.31004414138,1,1,0,460000.00
76,0.65982993077,0.95230019964,2,0,0,850000.00
52,0.73736213144,0.57408841656,2,1,0,275000.00
156,0.62400551244,0.31315254276,3,3,3,2250000.00
54,0.68967384215,0.76452469607,2,1,0,270000.00
70,0.73492296855,0.17937356764,2,0,0,500000.00
51,0.76712363244,0.88348077535,3,0,0,225000.00
51,0.57596057193,0.27377540454,2,1,1,680000.00
65,0.50987328446,0.33704283999,2,2,1,370000.00
62,0.62926519719,0.30972357120,2,1,0,530000.00
56,0.70955730130,0.75181917062,3,1,0,200000.00
66,0.59564299274,0.47444017500,3,1,1,450000.00
63,0.76555937000,0.48304170714,3,1,0,320000.00
60,0.76154243981,0.23636816573,2,1,1,395000.00
84,0.63848994118,0.49254239953,3,2,1,445610.00
88,0.59703245925,0.18267027142,1,2,1,620000.00
48,0.68428800967,0.38012260723,1,1,0,500000.00
109,0.65629687378,0.39216722817,2,2,2,896500.00
104,0.61041486026,0.30574663314,3,1,1,840000.00
68,0.62426256528,0.39320625781,2,1,0,700000.00
70,0.66796768654,0.16432848800,3,1,1,335000.00
33,0.71863149672,0.39308680415,1,0,0,228000.00
100,0.72069543919,0.26448343026,3,2,1,750000.00
80,0.53330836979,0.29388336458,3,0,1,559000.00
48,0.68083015023,0.52840933771,1,0,0,198000.00
88,0.72090384382,0.23663747943,3,1,1,897000.00
52,0.64191342460,0.61142810975,2,1,0,250000.00
77,0.64064243259,0.11336347620,3,1,1,495000.00
78,0.72296348929,0.45940573760,2,1,0,515000.00
80,0.65593807405,0.13261223866,3,1,0,350000.00
61,0.57361041839,0.19056333476,3,1,1,480000.00
94,0.63516605613,0.43047949133,3,2,1,880000.00
49,0.59122413933,0.32479210720,1,1,0,550000.00
148,0.69291976729,0.48016526305,2,2,1,955000.00
83,0.72369321242,0.32765421684,3,1,1,590000.00
119,0.67591729498,0.44160388472,2,1,0,390000.00
175,0.68773696819,0.33319903846,3,1,1,1350000.00
74,0.50987328446,0.33704283999,3,2,1,440000.00
63,0.67254982605,0.41894200547,2,1,0,530000.00
64,0.59384653869,0.20506631198,3,1,1,318000.00
60,0.62323481432,0.33295709051,2,0,0,620000.00
59,0.63044656600,0.61746356012,2,1,0,273990.00
90,0.55516108389,0.34228229462,3,2,1,795000.00
56,0.73288051110,0.29856377609,2,1,0,580000.00
160,0.58148160653,0.20034115965,3,3,1,790000.00
62,0.65987428198,0.48167363697,3,1,0,449999.00
90,0.60602669973,0.36368708702,2,1,1,900000.00
75,0.62101357086,0.34475867755,2,1,0,636000.00
78,0.65560674445,0.17401335622,3,1,0,360000.00
39,0.59197734252,0.33096873007,1,1,1,320000.00
82,0.74217293287,0.24864691584,3,1,1,500000.00
53,0.57075935711,0.40532211656,1,1,1,480000.00
95,0.80061984264,0.44199373802,2,1,0,498000.00
65,0.62133952920,0.43950997069,2,2,1,580000.00
88,0.71340127713,0.36569260534,2,0,0,730000.00
46,0.68834775643,0.84445244181,2,1,0,215000.00
170,0.71168692652,0.36577578852,4,1,1,1270000.00
76,0.71699004170,0.37230034733,2,0,0,540000.00
132,0.61675247883,0.26000847904,3,2,1,930000.00
46,0.55165871977,0.27254915844,1,1,0,430000.00
96,0.56186793776,0.22937860641,2,2,0,905000.00
60,0.68450884492,0.29000003475,2,0,0,510000.00
48,0.59541985553,0.33622490822,1,1,0,520000.00
51,0.67767216018,0.36222063047,1,0,0,280000.00
215,0.78083229873,0.51017549697,2,2,2,890000.00
62,0.75310082456,0.23248266402,2,1,1,427800.00
65,0.77973656304,0.30962409889,2,1,0,480000.00
68,0.71521184991,0.59395920679,2,1,0,480000.00
110,0.68303512646,0.52389637851,3,2,3,890000.00
93,0.73884152808,0.37766620565,3,2,1,600000.00
77,0.73267072529,0.38218459456,3,0,0,450000.00
193,0.71521184991,0.59395920679,3,3,3,1490000.00
105,0.57259325647,0.20218508975,2,3,1,660000.00
180,0.60971091914,0.36282767224,3,3,3,2000000.00
110,0.81047286980,0.39518875415,3,2,2,750000.00
65,0.67123356205,0.36645928064,2,2,1,750000.00
85,0.65593807405,0.13261223866,2,2,1,550000.00
42,0.69697245468,0.37289088278,1,1,0,430000.00
44,0.75529643947,0.29863001857,2,0,0,320000.00
78,0.73492296855,0.17937356764,3,1,1,700000.00
67,0.58771793861,0.18291265375,3,1,1,498000.00
130,0.64782763495,0.48063873391,3,3,3,1090000.00
250,0.58896713867,0.44370735504,4,4,4,1450000.00
146,0.67469234228,0.50194644306,3,2,3,1290000.00
65,0.62029719912,0.40423356795,2,2,1,565000.00
79,0.63792918233,0.48449556675,3,2,1,692000.00
169,0.69359470364,0.36332373071,2,1,2,1750000.00
98,0.63934796054,0.41681182096,3,2,1,930000.00
82,0.56562121614,0.24714918415,2,2,1,850000.00
55,0.60410440489,0.35211029004,2,2,2,670000.00
71,0.59244387424,0.32664928580,2,2,1,850000.00
59,0.71507311810,0.49394152765,3,1,1,357550.00
37,0.69331324996,0.42592070536,1,1,0,203002.00
168,0.72386539946,0.36842266440,3,2,1,1350000.00
123,0.58262522310,0.34072266422,3,2,3,980000.00
102,0.55165871977,0.27254915844,3,2,1,852000.00
85,0.61319885761,0.30128688512,3,2,0,650000.00
61,0.68328542687,0.75384597341,3,1,0,300000.00
41,0.72425535245,0.32039621258,1,1,0,690000.00
76,0.57724384109,0.28779274834,2,1,0,500000.00
104,0.64678607219,0.16465535665,3,2,1,580000.00
90,0.61041486026,0.30574663314,3,2,1,848000.00
38,0.70023602822,0.39098203069,1,1,0,265000.00
271,0.63516605613,0.43047949133,4,4,4,3550000.00
76,0.62879973972,0.31635194610,2,1,0,570000.00
135,0.58122762297,0.22997544033,2,2,0,776000.00
135,0.58122762297,0.22997544033,2,2,1,776000.00
75,0.62021647686,0.33863265959,2,1,0,700000.00
54,0.70392009417,0.38465120401,2,1,0,555000.00
50,0.68900443052,0.44476462851,2,1,0,319000.00
64,0.75795398217,0.15997624827,3,1,0,315000.00
145,0.67929013516,0.31482706585,3,1,1,1300000.00
68,0.50987328446,0.33704283999,3,1,0,375000.00
114,0.69245477021,0.57785055522,3,3,1,750000.00
85,0.82796811624,0.45637682721,3,1,1,530000.00
204,0.71480624354,0.37861488488,3,1,0,1300000.00
110,0.61363085985,0.36153040552,3,2,1,1220000.00
135,0.59122413933,0.32479210720,3,3,1,860000.00
72,0.67604681891,0.27530180510,2,1,1,779350.00
49,0.80166723704,0.40169333162,2,1,0,290000.00
85,0.69017014596,0.50557696551,3,2,1,797900.00
180,0.59197734252,0.33096873007,4,2,1,1450000.00
70,0.79994966368,0.33366143271,3,1,1,370000.00
72,0.80166723704,0.40169333162,2,1,1,430000.00
61,0.67802681637,0.51556828666,2,0,0,285000.00
152,0.63364921419,0.32347333881,4,2,2,1350000.00
64,0.55516108389,0.34228229462,2,1,0,540000.00
80,0.67837824980,0.35914676207,2,0,0,890000.00
123,0.70636155901,0.36416555321,3,2,1,1450000.00
37,0.58959803075,0.47395215251,1,1,0,318000.00
56,0.64451372509,0.18321975824,2,1,0,330000.00
54,0.70392009417,0.38465120401,2,1,0,560000.00
58,0.65058508296,0.60518024905,2,1,1,239700.00
50,0.75972357996,0.68757460424,1,1,0,240000.00
96,0.68094969898,0.50225137567,3,2,1,830000.00
42,0.58467520031,0.33262262027,1,1,1,490000.00
180,0.63809891393,0.42773900722,4,4,2,1550000.00
158,0.59807755169,0.19541315328,3,3,3,779000.00
55,0.65058508296,0.60518024905,3,1,0,258000.00
111,0.68389115078,0.15079243385,3,2,2,835000.00
139,0.59807755169,0.19541315328,4,3,3,750000.00
105,0.78999918664,0.40625494104,3,2,1,700000.00
80,0.66658451207,0.38814489772,2,2,2,900000.00
36,0.73405973141,0.21245158869,1,1,1,430000.00
53,0.69738957087,0.72969287813,3,1,0,250000.00
141,0.66934180661,0.40902322527,3,3,1,1480000.00
76,0.49948742897,0.29362925407,3,1,1,550000.00
64,0.74340601918,0.22559735517,2,1,1,650000.00
74,0.65463009713,0.17903735989,3,1,0,410000.00
84,0.73998760008,0.28107163397,3,2,1,785000.00
111,0.63792918233,0.48449556675,3,2,1,1060000.00
110,0.67328077690,0.37947994655,3,1,1,830000.00
66,0.65994748449,0.60202797561,3,1,0,413000.00
92,0.59244387424,0.32664928580,1,2,1,900000.00
59,0.63269512612,0.46852852206,2,2,1,500000.00
50,0.82269216426,0.37557446350,2,1,0,285000.00
43,0.58214457266,0.39574953478,1,1,0,403000.00
84,0.69859518705,0.16580059145,3,1,1,555355.00
216,0.73288051110,0.29856377609,4,4,4,1950000.00
194,0.68773696819,0.33319903846,2,3,2,2150000.00
75,0.64910108238,0.19700492757,3,2,1,445000.00
99,0.60087981130,0.36156320098,2,1,0,465000.00
52,0.59593703049,0.15609595908,2,1,0,290000.00
50,0.72386539946,0.36842266440,1,0,0,340000.00
96,0.59201616901,0.33467570287,2,1,1,700000.00
320,0.65634398734,0.41592851546,4,4,4,2800000.00
56,0.81392505107,0.16845333141,2,1,0,195000.00
75,0.55409113022,0.27496733485,2,2,1,900000.00
79,0.70936240153,0.55741854998,3,2,1,635000.00
212,0.60856883722,0.25868732158,4,4,0,1000000.00
135,0.64241602045,0.41754635236,3,2,1,1590000.00
72,0.61189579155,0.40938831908,3,1,0,550000.00
92,0.56296244573,0.66006877056,3,2,1,590000.00
160,0.68305998769,0.35174302434,3,1,1,1800000.00
49,0.73316841028,0.20448967660,2,2,0,470000.00
65,0.59384653869,0.20506631198,3,1,1,385000.00
125,0.72878608139,0.31323398843,3,2,1,1500000.00
92,0.60975849310,0.43630709233,3,2,1,695000.00
63,0.61458985877,0.46498617813,2,1,1,550000.00
69,0.74669936481,0.38715886207,2,2,1,520000.00
135,0.58122762297,0.22997544033,2,2,0,777000.00
52,0.69509696647,0.54709927424,1,1,0,430000.00
107,0.59015802227,0.19430397177,3,2,1,620000.00
55,0.70205442768,0.37425156854,2,1,0,1000000.00
100,0.73394079651,0.35333566739,2,2,1,980000.00
100,0.69577052164,0.36295820251,3,1,0,880000.00
169,0.61180417331,0.35724310513,4,2,2,1400000.00
86,0.61075355615,0.36096614987,2,1,1,745000.00
134,0.68283132576,0.30511222563,2,2,2,1695000.00
70,0.69054567330,0.54886045554,3,2,0,560000.00
57,0.64870007995,0.48098037137,2,1,1,430000.00
59,0.49948742897,0.29362925407,3,1,0,400000.00
53,0.58639906571,0.43553455295,2,1,0,400000.00
70,0.71166605537,0.56409600947,2,2,1,582000.00
41,0.69329713620,0.38546153418,1,1,0,390000.00
133,0.51156400155,0.27897902307,3,2,3,1060000.00
74,0.58884129788,0.19436782518,2,1,1,270000.00
50,0.60361070997,0.49654583459,2,1,1,330000.00
52,0.73096420136,0.21753792545,2,1,1,475990.00
208,0.55309898299,0.25730752323,3,2,1,810000.00
45,0.68283132576,0.30511222563,1,1,1,560000.00
42,0.72135855879,0.67764757088,2,0,0,185000.00
78,0.64326774777,0.23501117217,3,1,1,590000.00
65,0.71023024261,0.38562312241,1,0,0,440000.00
70,0.58122762297,0.22997544033,2,1,0,452000.00
102,0.73134985735,0.55828187415,3,2,2,714000.00
80,0.55165871977,0.27254915844,2,2,1,960000.00
128,0.60992607621,0.20201394524,3,3,3,720000.00
67,0.62740536235,0.41678271771,2,1,0,635000.00
62,0.73641433541,0.37480561632,2,1,1,530000.00
49,0.73884152808,0.37766620565,2,1,0,329998.00
51,0.76572434421,0.86655875296,2,1,0,222500.00
62,0.66438352591,0.45507109013,3,2,1,500000.00
402,0.62387015686,0.34351114698,4,5,4,11000000.00
78,0.63483933047,0.32118243484,1,1,1,1070000.00
48,0.73041157613,0.37716710655,2,1,0,450000.00
92,0.72088849738,0.30808314670,2,0,0,600000.00
67,0.73134985735,0.55828187415,2,1,1,448000.00
77,0.69017014596,0.50557696551,3,2,1,520000.00
177,0.67258389514,0.41207168262,4,3,2,1650000.00
44,0.69507839728,0.32220799879,1,1,0,460000.00
310,0.62323481432,0.33295709051,4,4,4,4490000.00
130,0.62559647769,0.33291473876,3,1,2,990000.00
50,0.79668992675,0.48471840212,2,1,0,355000.00
56,0.62667042143,0.19453896969,2,1,0,410000.00
78,0.60155965851,0.18403595251,3,2,0,410000.00
400,0.74101673222,0.24335946255,4,4,3,1980000.00
115,0.54955671813,0.26909694772,3,2,2,900000.00
92,0.71920299808,0.56260435906,3,2,1,670000.00
59,0.67764975438,0.67532256831,3,1,1,292990.00
285,0.69250249763,0.36170285316,3,1,1,1060000.00
70,0.72347959000,0.65086193416,3,2,1,445000.00
51,0.66408595847,0.44267158323,2,1,0,450000.00
69,0.56297748524,0.33970513625,2,1,0,430000.00
59,0.69052265364,0.45090324341,2,1,0,340000.00
64,0.64495892526,0.15583272665,2,2,1,389000.00
45,0.75529643947,0.29863001857,2,1,0,370000.00
60,0.68450884492,0.29000003475,2,0,0,480000.00
52,0.69697245468,0.37289088278,2,1,0,640000.00
66,0.68759915717,0.30329479252,2,0,0,450000.00
55,0.62789199791,0.41411542612,2,1,1,540000.00
57,0.62789261176,0.48851377062,2,1,1,353000.00
65,0.56751757551,0.40752940297,2,1,0,415000.00
65,0.61134009702,0.44699233064,2,2,0,540000.00
177,0.62440298519,0.33772915555,4,4,2,1950000.00
103,0.65814934233,0.33126171732,2,1,1,990000.00
63,0.56425170000,0.35351875726,3,1,1,460000.00
51,0.58639906571,0.43553455295,2,1,0,385000.00
160,0.49948742897,0.29362925407,4,4,2,1150000.00
45,0.68834775643,0.84445244181,2,1,0,212000.00
75,0.53328995407,0.30223643311,3,2,1,404000.00
245,0.58819291087,0.20250413961,3,3,1,1250000.00
105,0.56256420566,0.23944833260,3,2,1,1020000.00
78,0.60719701911,0.42906950379,3,2,1,608900.00
65,0.75905907918,0.28943925412,3,2,1,485000.00
82,0.62336510558,0.34438228993,3,1,1,800000.00
54,0.73878536011,0.54429515392,2,1,1,265980.00
81,0.73834844702,0.35821849855,3,1,1,800000.00
78,0.54401450545,0.39223195034,3,2,1,500000.00
240,0.66695865823,0.36053633389,3,2,1,1950000.00
52,0.63006152387,0.31786488097,1,2,0,650000.00
104,0.80195007190,0.23025865409,3,1,1,750000.00
80,0.73715418720,0.31048720586,3,2,1,830000.00
95,0.61319885761,0.30128688512,3,2,1,850000.00
82,0.63766061966,0.44434024224,3,1,1,700000.00
127,0.65500807990,0.32270058224,3,1,1,1180000.00
129,0.59591140194,0.31774282105,4,3,3,1300000.00
76,0.55165871977,0.27254915844,2,2,1,1105874.00
85,0.59418293261,0.28182419202,2,1,1,920000.00
74,0.69438842142,0.31384124739,2,2,1,750000.00
70,0.57169717794,0.47594181608,2,1,1,540000.00
45,0.72691934066,0.86066968761,2,1,0,229000.00
37,0.69331324996,0.42592070536,1,0,0,199890.00
90,0.55939531964,0.35036214005,3,2,0,472000.00
48,0.49385421191,0.27228136506,2,2,0,330000.00
82,0.67151286722,0.46584928510,2,2,0,450000.00
198,0.67444511116,0.37377570860,3,2,1,1980000.00
76,0.75054947922,0.32664342171,2,2,1,516000.00
37,0.73269773502,0.36602055993,1,1,1,299000.00
55,0.57169717794,0.47594181608,2,1,0,250000.00
96,0.62397221067,0.42288549650,3,2,2,955000.00
55,0.66797367165,0.24812370881,3,1,0,250000.00
35,0.57495077630,0.34713211314,1,1,1,295000.00
400,0.62153918636,0.36650445584,4,5,4,7351671.00
128,0.61363085985,0.36153040552,4,2,1,1100000.00
400,0.62153918636,0.36650445584,4,5,4,8156459.00
60,0.62440298519,0.33772915555,2,1,0,690000.00
127,0.62147672636,0.29232786076,4,2,2,1385000.00
67,0.63766061966,0.44434024224,3,1,1,565000.00
42,0.70813499341,0.29693377663,1,0,0,390000.00
60,0.66253888404,0.64812579382,3,1,0,340000.00
156,0.70328091502,0.58711538094,4,3,2,1150000.00
280,0.59824007047,0.18230126821,4,4,3,900000.00
115,0.69947162213,0.29139395035,3,1,1,980000.00
54,0.55027508490,0.17302145648,2,1,0,318000.00
58,0.58862337846,0.41395253476,2,1,0,460000.00
94,0.69424508569,0.31989450722,3,2,1,1100000.00
57,0.55316451228,0.48709943931,2,1,0,245000.00
152,0.73191491321,0.53884741554,3,2,3,1280000.00
74,0.70328091502,0.58711538094,3,2,1,560000.00
110,0.61506529142,0.35333610176,3,1,3,908000.00
178,0.70594474975,0.57012342386,3,3,3,1700000.00
85,0.69019531412,0.54405146845,3,2,1,680000.00
124,0.57644321741,0.20232474194,3,2,3,720000.00
207,0.66853074736,0.36269106070,3,2,3,2850000.00
38,0.73405973141,0.21245158869,1,1,0,450000.00
155,0.72425535245,0.32039621258,4,3,3,1000000.00
120,0.80061984264,0.44199373802,3,3,1,715000.00
95,0.71888501988,0.59124456812,3,3,1,800000.00
126,0.69217024725,0.52407012929,3,3,1,800000.00
55,0.69902181803,0.40148352756,2,1,0,480000.00
125,0.60992607621,0.20201394524,3,3,3,529000.00
37,0.61028687097,0.30235089143,1,1,0,397000.00
50,0.69878778485,0.36124914645,2,1,0,398000.00
37,0.60602669973,0.36368708702,1,1,1,480030.00
110,0.60316842562,0.43426682385,2,1,0,680000.00
218,0.69509696647,0.54709927424,3,4,3,1590000.00
59,0.63152680179,0.31874384271,2,1,1,700000.00
62,0.72951120060,0.26126708622,2,2,1,610000.00
50,0.71150629895,0.82444916660,2,1,0,180000.00
77,0.73405973141,0.21245158869,3,2,1,690000.00
121,0.73492296855,0.17937356764,3,0,1,1080000.00
73,0.58674543482,0.17737369622,3,1,1,440000.00
64,0.73632241025,0.35050266099,2,0,1,630000.00
62,0.67847293732,0.36796417954,1,1,0,750000.00
129,0.69730700703,0.56542824354,3,2,1,800000.00
35,0.61611130465,0.26845776206,1,1,1,220000.00
180,0.67631660930,0.50901223553,3,1,1,590000.00
70,0.78083229873,0.51017549697,2,1,0,443000.00
58,0.73632241025,0.35050266099,2,1,0,610000.00
172,0.61028687097,0.30235089143,3,2,3,1650000.00
65,0.70091771700,0.25610929445,2,1,1,590000.00
84,0.71917215174,0.30935652269,2,2,2,1065000.00
65,0.54754142387,0.22849660404,2,1,1,570000.00
46,0.66260134404,0.72229326698,2,1,0,212000.00
82,0.67240296063,0.17495356511,3,1,1,449000.00
180,0.45118911876,0.26820495468,3,2,3,900000.00
140,0.60223766415,0.44124356905,3,2,2,1099000.00
118,0.69329713620,0.38546153418,3,1,0,1000000.00
122,0.69329713620,0.38546153418,3,1,0,1000000.00
160,0.69368417337,0.31742985247,4,3,1,1500000.00
57,0.73269773502,0.36602055993,2,1,0,470000.00
77,0.72329926936,0.32240455436,2,0,1,469000.00
102,0.66196369954,0.38091599671,2,1,1,930000.00
70,0.59122413933,0.32479210720,2,1,1,620000.00
140,0.72649516510,0.38690062498,3,2,1,700000.00
50,0.79708862722,0.48375886346,2,1,0,345000.00
221,0.70289372438,0.50880156271,4,0,4,1289937.00
56,0.57786521837,0.40248063982,2,1,1,450000.00
95,0.57948119831,0.19041130284,3,3,1,730000.00
100,0.54742310283,0.23348042784,3,2,1,890000.00
60,0.79651896743,0.36250384424,2,1,0,285000.00
100,0.54742310283,0.23348042784,3,2,1,798000.00
138,0.69017014596,0.50557696551,3,3,1,914300.00
110,0.66196369954,0.38091599671,3,1,1,855000.00
92,0.68622718560,0.30881029369,2,0,0,740000.00
69,0.75656006519,0.34462662696,2,1,1,631000.00
58,0.61580606399,0.42425812763,2,2,1,590000.00
127,0.72242452238,0.54884221171,3,2,3,890000.00
122,0.69858060793,0.54825884348,3,2,1,670000.00
72,0.71920299808,0.56260435906,3,1,1,580000.00
53,0.62926519719,0.30972357120,2,1,0,530000.00
128,0.58757828602,0.22945201612,2,2,2,750000.00
80,0.76220786137,0.36753327762,3,1,0,619000.00
52,0.60361070997,0.49654583459,2,1,0,267000.00
92,0.71920299808,0.56260435906,3,2,1,691000.00
34,0.56793776099,0.39111038908,1,1,0,275000.00
67,0.62660166939,0.19463388105,3,2,1,450000.00
45,0.61308498704,0.21649281454,1,1,0,224900.00
69,0.59122413933,0.32479210720,2,1,1,760000.00
60,0.72673502993,0.55072024040,2,1,1,495000.00
105,0.62798146764,0.30839785279,2,2,2,1700000.00
76,0.68434479150,0.49275220359,3,2,1,600000.00
117,0.71228114061,0.36376245141,3,1,1,1170000.00
69,0.70023602822,0.39098203069,2,1,0,470000.00
73,0.63125823912,0.33512940958,1,1,1,1050000.00
27,0.70464966384,0.44422621830,1,1,0,179000.00
70,0.78083229873,0.51017549697,2,1,0,459000.00
67,0.57948119831,0.19041130284,2,1,1,430000.00
271,0.63516605613,0.43047949133,4,4,4,3490000.00
60,0.63523189235,0.33862353767,2,1,0,950000.00
72,0.60909675469,0.48169926521,3,1,1,435000.00
108,0.62071354799,0.21600631237,3,2,1,660000.00
118,0.49948742897,0.29362925407,3,1,1,630000.00
64,0.59827014949,0.20543748708,2,1,0,340000.00
73,0.69190521426,0.44967482542,3,2,2,425000.00
70,0.64930104647,0.47780377282,2,2,1,621000.00
38,0.63523189235,0.33862353767,1,1,0,480000.00
60,0.66353149166,0.17109825259,2,1,1,364999.00
60,0.77130001212,0.48006557354,2,1,0,380000.00
69,0.75656006519,0.34462662696,2,1,1,643300.00
150,0.67444511116,0.37377570860,3,1,2,1450000.00
86,0.75130191508,0.27041593329,3,0,0,450000.00
33,0.66505232368,0.41700164368,1,1,1,345000.00
134,0.60532122397,0.19079007953,3,2,1,750000.00
41,0.71573132684,0.29998918401,1,1,0,471000.00
59,0.62486614069,0.23971829787,2,1,1,450000.00
61,0.60361070997,0.49654583459,2,1,0,370000.00
31,0.75054947922,0.32664342171,1,0,0,190000.00
65,0.77954120288,0.41470531000,2,2,1,545000.00
48,0.60599938307,0.29174405816,1,1,0,490000.00
67,0.79708862722,0.48375886346,3,1,1,456150.00
117,0.72140751392,0.32341969326,3,2,1,980000.00
72,0.70178310265,0.51947681035,2,1,2,390000.00
55,0.59114510518,0.41416755135,2,1,0,440000.00
55,0.83992759550,0.22583930312,2,1,0,401497.00
57,0.62690798429,0.59451520927,3,1,0,320000.00
65,0.62257844716,0.33853644509,2,1,1,620000.00
149,0.65176706562,0.42007312301,3,2,3,1720000.00
64,0.81098881705,0.39975362140,3,1,1,420000.00
41,0.62021647686,0.33863265959,1,1,1,550000.00
56,0.61672608296,0.41344930908,2,1,1,450000.00
80,0.72233888926,0.30024633516,2,1,0,750000.00
58,0.74287595321,0.53058209116,2,1,0,220000.00
63,0.61075355615,0.36096614987,2,1,1,795000.00
71,0.65058508296,0.60518024905,3,1,1,588000.00
40,0.60039716582,0.41910098743,1,1,1,450000.00
61,0.69474599343,0.38838076440,2,1,0,650000.00
66,0.69736194728,0.29199534522,1,1,1,760000.00
51,0.59293143058,0.41097922462,2,1,0,436000.00
360,0.66695865823,0.36053633389,3,3,3,4000000.00
95,0.66797367165,0.24812370881,3,2,2,680000.00
62,0.72139216748,0.32636498609,2,1,1,595000.00
110,0.66368863919,0.39015801764,2,1,0,1000000.00
70,0.71166605537,0.56409600947,2,2,1,595000.00
55,0.61283729553,0.43223198509,2,2,1,425000.00
50,0.59541985553,0.33622490822,1,1,0,600000.00
129,0.59591140194,0.31774282105,3,3,2,1380000.00
72,0.48712157602,0.30260804258,3,2,1,485000.00
169,0.53951784561,0.34495045497,4,4,4,1500000.00
75,0.64896925648,0.32342490578,2,2,0,1010000.00
100,0.77820821127,0.42103722263,2,0,0,530000.00
60,0.58639906571,0.43553455295,2,1,0,475000.00
82,0.62904620352,0.44360505928,3,2,1,700000.00
81,0.77954120288,0.41470531000,3,2,1,650000.00
65,0.75905907918,0.28943925412,2,1,1,550000.00
57,0.60185262202,0.31004414138,1,1,0,700000.00
47,0.47542620895,0.10019316742,2,1,0,244000.00
144,0.72995977699,0.30170258385,4,0,1,990000.00
67,0.70936316886,0.80489959811,3,2,1,350000.00
99,0.71560962958,0.58038948843,3,2,1,790000.00
75,0.45620970601,0.29946880044,2,1,0,330000.00
67,0.62660166939,0.19463388105,3,2,1,480000.00
87,0.59041599590,0.17689088625,3,2,0,590000.00
37,0.59752369874,0.29532745071,1,1,1,401000.00
65,0.68248280815,0.39817552998,3,1,1,744000.00
67,0.77954120288,0.41470531000,2,1,1,410000.00
87,0.58771793861,0.18291265375,3,2,2,600000.00
57,0.59028785314,0.18426378321,2,1,0,360000.00
67,0.89702555335,0.51148948721,2,1,1,450000.00
103,0.60045655654,0.20403032299,3,2,1,490000.00
256,0.59081761219,0.23020587729,3,4,3,2050000.00
74,0.66290443619,0.46126943185,3,1,0,500000.00
97,0.61468715518,0.42360873410,3,2,1,1000000.00
47,0.70322428666,0.82074805790,2,1,0,240000.00
130,0.68283132576,0.30511222563,3,1,1,999000.00
75,0.59807755169,0.19541315328,3,2,0,455000.00
116,0.71168692652,0.36577578852,2,0,0,700000.00
65,0.61060515610,0.31267320780,2,1,1,650000.00
94,0.58061115655,0.20308055781,3,2,0,595000.00
48,0.50464076290,0.30590170571,2,1,0,280000.00
87,0.59591140194,0.31774282105,3,2,1,800000.00
30,0.59982029321,0.33969557995,1,1,0,290000.00
90,0.72088849738,0.30808314670,3,2,1,1150000.00
49,0.73884152808,0.37766620565,2,1,0,330000.00
105,0.72139216748,0.32636498609,3,2,1,1200000.00
135,0.65110502028,0.31844086479,2,1,1,1050000.00
100,0.65824172789,0.39337262418,3,1,1,1070000.00
37,0.59471898370,0.33371073450,1,1,0,382900.00
70,0.69868051325,0.18764497330,3,2,1,447000.00
76,0.60185262202,0.31004414138,2,1,0,640000.00
84,0.72088849738,0.30808314670,3,1,1,680000.00
79,0.73632241025,0.35050266099,3,2,1,748000.00
72,0.49948742897,0.29362925407,3,2,1,470000.00
70,0.60418328558,0.47508109817,3,1,1,420000.00
350,0.59292099500,0.32558506230,4,7,4,5000000.00
70,0.66069746492,0.54026044372,2,1,1,550000.00
51,0.67542789706,0.36964500110,1,1,0,710000.00
89,0.55354341584,0.34435687888,3,2,1,689000.00
200,0.09696631610,0.97635881794,3,3,3,1900000.00
115,0.59591140194,0.31774282105,3,3,1,1080000.00
86,0.69824559519,0.17872439131,3,0,1,485000.00
75,0.55753180166,0.23166755569,3,0,0,350000.00
126,0.73201926899,0.27395675691,3,3,3,1550000.00
56,0.71560962958,0.58038948843,2,2,1,500000.00
85,0.69736194728,0.29199534522,2,2,0,975000.00
54,0.54319377794,0.46740261703,2,1,0,245000.00
64,0.52185731803,0.37716580341,2,1,1,455000.00
70,0.48712157602,0.30260804258,2,2,0,500000.00
49,0.79622769203,0.32602139393,2,1,0,275000.00
56,0.61283729553,0.43223198509,2,1,0,350000.00
59,0.65772025592,0.44164254427,2,1,1,500000.00
63,0.59752369874,0.29532745071,2,1,1,640000.00
128,0.59384653869,0.20506631198,3,2,1,450000.00
60,0.60029081500,0.42456175711,2,1,1,590000.00
75,0.68375380016,0.36182208963,2,1,0,720000.00
84,0.62620465703,0.33371898766,2,2,1,985000.00
75,0.72859900831,0.36074092543,2,1,0,750000.00
53,0.74708594159,0.53991706875,2,1,0,415000.00
82,0.51822067257,0.30205464636,3,1,1,400000.00
85,0.64999731437,0.39431391900,3,1,0,780000.00
61,0.60109174561,0.41359308785,2,1,1,530000.00
170,0.62021647686,0.33863265959,4,2,2,1490000.00
52,0.53692828763,0.45849484916,2,1,1,285000.00
56,0.64451372509,0.18321975824,2,1,0,345000.00
90,0.74221697715,0.29493216770,3,2,1,850000.00
216,0.78285526621,0.43387284397,4,3,3,1200000.00
100,0.66716598861,0.46059136945,2,1,0,530000.00
49,0.74336366301,0.19578975809,2,1,0,535000.00
71,0.79651896743,0.36250384424,3,2,0,490000.00
114,0.58850060695,0.43936271691,3,2,1,636000.00
65,0.59156958766,0.34905444828,2,2,1,640000.00
440,0.63565054319,0.30295597850,3,6,0,5300000.00
58,0.63152680179,0.31874384271,2,2,1,795000.00
128,0.72645633862,0.33368792971,3,1,1,1200000.00
46,0.55165871977,0.27254915844,1,1,0,480000.00
73,0.68604640456,0.29600877094,2,0,0,560000.00
110,0.62798146764,0.30839785279,3,2,1,850000.00
50,0.84599358212,0.38118031508,2,0,0,235000.00
55,0.73259798317,0.29237064689,2,1,1,670000.00
73,0.70936240153,0.55741854998,3,2,1,567000.00
275,0.59292099500,0.32558506230,4,4,4,3300000.00
70,0.78388439835,0.44177654955,3,2,1,500000.00
75,0.51837966167,0.31336842809,3,2,1,490000.00
86,0.54690915062,0.34799869513,3,2,1,740000.00
59,0.71519466189,0.15820377317,3,1,1,308550.00
110,0.74273384519,0.21695043064,3,1,1,795000.00
233,0.61979629138,0.34133035756,4,4,4,1850000.00
75,0.62527190052,0.34858054304,2,0,1,689000.00
55,0.55067240419,0.39068513406,2,1,0,355000.00
260,0.71340127713,0.36569260534,4,2,1,2200000.00
70,0.62440298519,0.33772915555,2,1,0,719000.00
45,0.52466356771,0.20787542764,2,1,0,275000.00
120,0.60852233751,0.40196134219,2,1,0,499000.00
50,0.56753553084,0.43026577787,2,1,0,330000.00
60,0.65058508296,0.60518024905,2,1,1,426000.00
125,0.59827444649,0.31783295427,3,3,1,1290000.00
43,0.63152680179,0.31874384271,1,1,0,530000.00
97,0.71560962958,0.58038948843,3,2,1,780000.00
227,0.59541985553,0.33622490822,3,3,2,1680000.00
42,0.75529643947,0.29863001857,2,0,0,325000.00
90,0.68528138462,0.14513771486,3,2,1,750000.00
82,0.68826457873,0.47890491836,3,2,1,640000.00
90,0.72046355451,0.23601545166,3,1,0,900000.00
65,0.74519311190,0.36925254154,2,1,1,439000.00
55,0.73459025777,0.29727345940,2,1,0,500000.00
137,0.78285526621,0.43387284397,3,2,3,955000.00
83,0.73288051110,0.29856377609,3,2,1,830000.00
100,0.62387015686,0.34351114698,3,1,1,1115000.00
64,0.57032090937,0.49814455891,3,1,1,325100.00
112,0.72121261416,0.33634631657,3,1,1,850000.00
58,0.73632241025,0.35050266099,2,1,0,615000.00
75,0.53653772078,0.29126624353,3,1,0,405000.00
99,0.67900990920,0.38885662434,2,1,2,1280000.00
100,0.83006459316,0.47693957991,4,2,2,690000.00
130,0.71168692652,0.36577578852,3,1,0,1350000.00
68,0.61957775810,0.36609896497,2,1,1,850000.00
84,0.73185352746,0.30045114389,2,2,1,900000.00
50,0.82196689159,0.39657876036,2,1,0,280000.00
104,0.63166507319,0.34339538553,1,2,1,1550000.00
75,0.61873078818,0.28399129856,2,0,1,1100000.00
268,0.62323481432,0.33295709051,4,3,4,2950000.00
112,0.72329926936,0.32240455436,3,2,1,1200000.00
39,0.58959803075,0.47395215251,1,1,0,288000.00
138,0.61363085985,0.36153040552,2,2,2,1180000.00
85,0.61087371876,0.25350368439,3,2,0,530000.00
48,0.67802681637,0.51556828666,2,1,0,350000.00
128,0.66438352591,0.45507109013,4,2,2,800000.00
98,0.60109174561,0.41359308785,3,1,1,650000.00
62,0.57948119831,0.19041130284,2,1,2,420000.00
82,0.62309577559,0.42506650311,3,1,1,720000.00
80,0.70103496379,0.42634726351,2,1,1,409990.00
78,0.60776898086,0.19245374320,3,1,0,375000.00
48,0.71101383174,0.74025301588,2,1,0,190000.00
78,0.69509696647,0.54709927424,2,1,1,648000.00
107,0.61308498704,0.21649281454,3,3,1,530000.00
260,0.67767216018,0.36222063047,3,0,0,1200000.00
158,0.60642386555,0.49344698951,3,2,1,850000.00
60,0.76154243981,0.23636816573,2,1,1,560000.00
131,0.58614784452,0.18860603228,4,2,2,925000.00
90,0.71874337226,0.36001747064,2,1,1,785000.00
42,0.59962247762,0.40796616899,1,1,0,515000.00
42,0.59962247762,0.40796616899,1,1,0,515000.00
106,0.23117460103,0.25447386528,3,2,1,1115000.00
42,0.70023602822,0.39098203069,1,0,0,330000.00
91,0.69111594694,0.55733971057,3,2,1,725000.00
94,0.66368863919,0.39015801764,3,1,1,840000.00
172,0.67653360793,0.41562792661,3,3,3,2100000.00
55,0.73259798317,0.29237064689,2,1,1,540000.00
46,0.67505313704,0.66557992796,2,1,0,290000.00
150,0.57948119831,0.19041130284,3,2,3,500000.00
70,0.58035103443,0.33602292294,2,1,0,350000.00
76,0.76154243981,0.23636816573,2,2,1,549900.00
90,0.64658718235,0.41692779960,3,1,1,900000.00
62,0.65987428198,0.48167363697,3,1,0,450000.00
91,0.73675195705,0.27247357685,3,3,1,870000.00
40,0.64241602045,0.41754635236,1,1,0,435000.00
53,0.82423448130,0.37467378292,2,1,0,275000.00
77,0.60971091914,0.36282767224,2,1,1,800000.00
49,0.73884152808,0.37766620565,2,1,0,330000.00
85,0.73593568001,0.20794536233,2,2,1,775000.00
62,0.68900443052,0.44476462851,3,2,1,426000.00
80,0.61029116797,0.19652298636,3,1,1,425000.00
75,0.71519466189,0.15820377317,2,1,1,550000.00
502,0.65261495633,0.29472149488,4,6,4,14200000.00
97,0.58335801552,0.12615479109,3,2,1,655000.00
149,0.61795303069,0.34643928192,3,2,1,1580000.00
54,0.71560962958,0.58038948843,2,1,0,350000.00
164,0.62365085625,0.39843767647,3,3,3,2500000.00
74,0.58506622755,0.41245393433,3,2,1,685000.00
163,0.60776898086,0.19245374320,4,3,3,850000.00
69,0.59418293261,0.28182419202,2,1,1,820000.00
49,0.60614778313,0.48984947970,2,1,0,300000.00
60,0.63214863946,0.54888217439,3,1,1,340100.00
50,0.60386622817,0.41295498812,1,1,0,530000.00
55,0.71597686985,0.37749745021,1,0,0,430000.00
116,0.68283500891,0.36334371205,3,1,1,890000.00
85,0.70813499341,0.29693377663,2,1,0,660000.00
78,0.67444511116,0.37377570860,2,0,0,595000.00
85,0.57948119831,0.19041130284,2,1,0,508000.00
62,0.61516887988,0.30093569136,3,1,1,590000.00
105,0.65063572620,0.38934964216,3,0,1,835000.00
97,0.68738047043,0.49082487312,2,1,0,510000.00
203,0.59292099500,0.32558506230,4,3,3,1800000.00
97,0.62486614069,0.23971829787,1,2,1,800000.00
57,0.55549962631,0.36040167704,2,1,0,365000.00
57,0.68435645479,0.29177250985,2,1,0,535000.00
129,0.60693167919,0.18701382361,3,4,3,850000.00
134,0.58614784452,0.18860603228,3,2,3,900000.00
72,0.53330836979,0.29388336458,3,2,1,640000.00
55,0.70207084837,0.43860885573,2,1,0,299000.00
60,0.74139824467,0.64755676003,2,1,0,295000.00
74,0.64281057738,0.34222148185,2,1,0,1000000.00
83,0.69238985478,0.54017812929,4,2,1,555000.00
90,0.67235569361,0.35276489609,2,1,1,830000.00
84,0.59463641986,0.47838540354,2,2,1,750000.00
82,0.72588115411,0.52712271322,3,1,2,630000.00
260,0.58614784452,0.18860603228,4,3,2,850000.00
97,0.61060515610,0.31267320780,3,2,1,1250000.00
60,0.77477275762,0.87180515762,2,1,0,235000.00
207,0.58122762297,0.22997544033,3,4,3,895000.00
103,0.73593568001,0.20794536233,3,2,1,1100000.00
54,0.56497942810,0.33108992124,2,1,0,490000.00
70,0.59564299274,0.47444017500,2,2,1,400000.00
120,0.65147947337,0.38480214999,3,3,3,1750000.00
76,0.59451978693,0.32281373743,2,1,0,550000.00
56,0.62545851321,0.68084806016,2,1,1,275000.00
74,0.62309577559,0.42506650311,3,2,1,750000.00
41,0.71573132684,0.29998918401,1,1,0,471000.00
166,0.68375932488,0.35741642153,2,2,1,1276590.00
68,0.58394286828,0.34735212506,2,1,0,550000.00
130,0.58384127486,0.22065957532,3,2,2,930000.00
84,0.71452095326,0.32898102120,3,0,0,620000.00
65,0.70369450152,0.39627882308,2,1,1,850000.00
45,0.83142904498,0.33405020007,2,1,0,240000.00
48,0.60185262202,0.31004414138,1,1,0,700000.00
197,0.65987781166,0.33187049660,3,2,3,2600000.00
84,0.71148957133,0.57401783030,3,2,1,620000.00
105,0.71638140196,0.31327156204,3,2,1,870000.00
49,0.69485848282,0.37366711436,1,0,0,260000.00
240,0.71168692652,0.36577578852,3,2,1,2500000.00
43,0.81470741248,0.53651198793,2,1,0,225000.00
96,0.71917215174,0.30935652269,3,2,1,920000.00
36,0.71353632579,0.39970692588,1,0,0,280000.00
117,0.74453060617,0.37066187752,3,2,3,930000.00
200,0.59384653869,0.20506631198,3,3,2,980000.00
55,0.69507839728,0.32220799879,2,1,0,500000.00
56,0.77620903077,0.36246757376,3,1,0,355000.00
70,0.75529643947,0.29863001857,2,1,1,550000.00
80,0.62900400082,0.35748201245,2,2,1,980000.00
49,0.55182522862,0.38819159324,1,1,0,310000.00
160,0.61363085985,0.36153040552,3,3,3,2300000.00
107,0.69368417337,0.31742985247,3,1,1,1050000.00
65,0.62400551244,0.31315254276,2,1,0,580000.00
100,0.55516108389,0.34228229462,3,2,1,790000.00
103,0.75054947922,0.32664342171,4,2,1,700000.00
113,0.62323481432,0.33295709051,3,2,1,1450000.00
80,0.71720949576,0.31607959176,2,1,0,750000.00
94,0.60975849310,0.43630709233,3,2,1,699000.00
176,0.64929183861,0.43137430782,4,3,3,1280000.00
100,0.54742310283,0.23348042784,2,2,1,798000.00
51,0.57404610377,0.28943447598,2,1,0,471000.00
33,0.62462336004,0.78889389388,1,0,1,169000.00
140,0.60666127495,0.18971434504,2,3,0,662000.00
86,0.69291976729,0.48016526305,3,2,1,690000.00
134,0.67542789706,0.36964500110,3,2,1,1300000.00
86,0.72912416343,0.35062428654,2,1,0,790000.00
134,0.60185262202,0.31004414138,4,3,2,1300000.00
50,0.66055121337,0.50497991441,2,1,0,330000.00
71,0.50464076290,0.30590170571,3,1,1,505000.00
123,0.58262522310,0.34072266422,3,2,2,960000.00
95,0.68892938643,0.15307334715,3,2,2,799990.00
136,0.63523189235,0.33862353767,3,2,1,2200000.00
45,0.69838187156,0.38409476715,1,1,0,380000.00
97,0.63569596864,0.39348165279,3,2,1,725000.00
70,0.58449610738,0.29110270061,2,1,1,619000.00
78,0.78392644759,0.43652992770,3,0,0,580000.00
280,0.59807755169,0.19541315328,3,3,3,790000.00
58,0.75054947922,0.32664342171,2,1,1,380000.00
181,0.74323245096,0.28325416090,2,2,1,1180000.00
140,0.58237016530,0.19133239913,3,3,3,680000.00
130,0.58991447430,0.29365900889,3,2,1,950000.00
48,0.73205932319,0.90307573623,2,1,0,186000.00
87,0.62946516128,0.48694827613,3,2,1,650000.00
91,0.74323245096,0.28325416090,3,2,1,1060000.00
73,0.60185262202,0.31004414138,2,1,1,788000.00
152,0.66505232368,0.41700164368,3,1,1,1000000.00
210,0.62798146764,0.30839785279,3,4,3,3300000.00
57,0.71084026353,0.24122189364,2,1,0,550000.00
64,0.64452784381,0.39461733129,2,2,0,827000.00
57,0.66055121337,0.50497991441,2,1,0,290000.00
150,0.80909291808,0.39256055649,3,2,3,950000.00
36,0.56793776099,0.39111038908,1,1,0,310000.00
50,0.70751177455,0.73888928948,2,1,0,215000.00
96,0.69491020032,0.48711116748,3,2,1,840000.00
98,0.60109174561,0.41359308785,3,2,1,960000.00
54,0.68967384215,0.76452469607,2,1,0,228000.00
240,0.53813958199,0.64967304448,3,3,1,1660000.00
92,0.62804975929,0.31497258213,3,1,0,650000.00
136,0.61060515610,0.31267320780,3,2,1,1350000.00
76,0.72124821789,0.25434876472,2,1,1,776000.00
37,0.70858080744,0.37948016374,1,1,0,240000.00
70,0.59827014949,0.20543748708,3,2,1,420000.00
50,0.81319701604,0.54073152551,2,1,0,340000.00
60,0.74991874061,0.26146190427,2,1,1,500000.00
78,0.58213321629,0.20326321331,3,2,1,460000.00
275,0.59292099500,0.32558506230,4,4,4,3690000.00
54,0.66556765707,0.14008330481,2,1,0,318000.00
98,0.58345300997,0.41064475438,3,1,0,560000.00
76,0.71514678101,0.54893647150,3,1,1,510000.00
39,0.69329713620,0.38546153418,1,0,0,350000.00
115,0.68283500891,0.36334371205,3,1,1,920000.00
193,0.61180417331,0.35724310513,3,4,3,2000000.00
59,0.48318030377,0.33996250458,2,1,0,318000.00
74,0.69697368239,0.38075723194,2,1,1,687000.00
107,0.66368863919,0.39015801764,3,1,1,770000.00
213,0.58122762297,0.22997544033,4,4,2,1350000.00
54,0.73848549071,0.65209187246,2,1,0,351000.00
191,0.60410440489,0.35211029004,3,3,1,1800000.00
123,0.67625046615,0.56048720586,2,2,0,544000.00
99,0.72727491763,0.36480408731,3,2,1,960000.00
63,0.56425170000,0.35351875726,3,1,1,455000.00
24,0.67929013516,0.31482706585,1,1,1,324990.00
38,0.59752369874,0.29532745071,1,0,1,413620.00
130,0.60992607621,0.20201394524,3,3,0,702000.00
64,0.51165301089,0.35560659002,3,1,0,285000.00
30,0.59982029321,0.33969557995,1,1,1,290000.00
54,0.67767216018,0.36222063047,2,2,1,750000.00
72,0.76111197222,0.36384476584,3,2,0,360000.00
108,0.64074203098,0.38541244959,2,2,1,1500000.00
55,0.77157409951,0.77094739348,2,1,0,238500.00
59,0.61461042299,0.33349311165,2,2,0,720000.00
77,0.68688063694,0.51070869466,3,2,1,580000.00
34,0.73218455013,0.18806588456,2,0,0,198000.00
108,0.72121261416,0.33634631657,3,1,0,720000.00
52,0.70768288734,0.15480281893,2,1,0,308000.00
50,0.74903785506,0.21831524298,2,1,0,448000.00
47,0.63336545854,0.34109427370,1,1,1,635000.00
100,0.61548854619,0.41522265293,2,3,1,1100000.00
117,0.51156400155,0.27897902307,4,2,1,850000.00
123,0.58262522310,0.34072266422,4,2,1,1145000.00
110,0.62257844716,0.33853644509,3,1,0,800000.00
57,0.68083414030,0.28236086472,1,1,1,750000.00
96,0.59964043295,0.33628420067,3,1,1,770000.00
118,0.60976325050,0.18732266561,3,2,0,720000.00
64,0.62397221067,0.42288549650,3,2,1,610000.00
90,0.68880968422,0.55366640199,2,2,1,530000.00
274,0.68283132576,0.30511222563,4,3,3,0.00
190,0.49948742897,0.29362925407,3,3,3,1350000.00
110,0.70328091502,0.58711538094,3,0,1,850000.00
44,0.66770157930,0.70113281162,2,0,0,235000.00
83,0.72205267818,0.53726932413,3,2,1,700000.00
62,0.68811034703,0.16443360722,3,1,1,390000.00
80,0.61496630690,0.29768568311,2,2,2,998000.00
58,0.82041245087,0.48746344718,3,1,0,430000.00
293,0.63125823912,0.33512940958,4,5,4,7000000.00
66,0.75711836861,0.48172011530,3,1,1,313000.00
90,0.73073830179,0.24120864514,3,1,1,810000.00
28,0.69960651733,0.40343409720,1,0,0,230000.00
85,0.61346956878,0.18225891646,3,2,1,600000.00
63,0.56497942810,0.33108992124,2,1,1,560000.00
44,0.61618373983,0.40108889611,1,1,0,420000.00
42,0.75054947922,0.32664342171,2,0,0,320000.00
82,0.60412036518,0.36331287128,2,1,1,735000.00
180,0.53813958199,0.64967304448,3,2,1,1595000.00
48,0.50464076290,0.30590170571,2,1,0,295000.00
80,0.65030685203,0.31096762676,2,0,1,800000.00
60,0.72928146442,0.38098788610,2,2,1,48000.00
100,0.62440298519,0.33772915555,3,1,1,1000000.00
105,0.64004852544,0.33830731126,2,1,1,1400000.00
50,0.73542940101,0.70408635761,2,1,0,240000.00
110,0.61487990645,0.36307743898,3,2,1,1300000.00
90,0.55464559703,0.34818764910,2,2,1,570000.00
91,0.74323245096,0.28325416090,3,2,1,880000.00
62,0.50464076290,0.30590170571,3,1,0,395000.00
123,0.78083229873,0.51017549697,4,2,1,1100000.00
156,0.74512850340,0.34450174359,3,2,3,950000.00
120,0.53772691627,0.28443371147,3,2,2,1100000.00
75,0.64999731437,0.39431391900,2,1,0,705000.00
160,0.71017023804,0.36508447763,3,0,2,1300000.00
96,0.68288396405,0.52612451502,3,2,1,850000.00
98,0.62426256528,0.39320625781,3,2,1,1300000.00
130,0.65814934233,0.33126171732,3,1,1,1050000.00
106,0.71874951083,0.50726213084,2,2,2,1000000.00
60,0.80023986483,0.49303997832,2,1,2,350000.00
129,0.63606428316,0.48744737523,3,2,1,980000.00
