min_area,quant_quartos,quant_vagas,quant_suites,latitude_formatada,longitude_formatada,price
103,3,2,1,0.23117460103,0.25447386528,1050000.00
106,3,2,1,0.23117460103,0.25447386528,1115000.00
45,1,1,0,0.23117460103,0.25447386528,610000.00
192,3,3,1,0.23117460103,0.25447386528,1400000.00
85,2,1,1,0.23117460103,0.25447386528,800000.00
148,3,3,3,0.23117460103,0.25447386528,1290000.00
295,4,4,3,0.23117460103,0.25447386528,2800000.00
60,2,1,0,0.23117460103,0.25447386528,580000.00
197,3,3,2,0.23117460103,0.25447386528,1330000.00
99,2,1,0,0.60087981130,0.36156320098,465000.00
105,2,1,1,0.60087981130,0.36156320098,699000.00
80,2,1,0,0.60087981130,0.36156320098,560000.00
105,2,2,2,0.60087981130,0.36156320098,1240000.00
105,3,1,1,0.60087981130,0.36156320098,750000.00
105,3,1,1,0.60087981130,0.36156320098,1150000.00
191,3,2,2,0.60087981130,0.36156320098,1500000.00
105,3,1,1,0.60087981130,0.36156320098,750000.00
95,2,2,1,0.60087981130,0.36156320098,1065000.00
64,2,1,1,0.60087981130,0.36156320098,580000.00
91,3,2,1,0.60087981130,0.36156320098,950000.00
198,3,2,2,0.60087981130,0.36156320098,1600000.00
102,3,0,1,0.60087981130,0.36156320098,945000.00
198,3,2,2,0.60087981130,0.36156320098,1600000.00
105,2,1,1,0.60087981130,0.36156320098,699000.00
100,3,2,1,0.60087981130,0.36156320098,1200000.00
102,3,2,1,0.60087981130,0.36156320098,950000.00
102,3,2,1,0.60087981130,0.36156320098,945000.00
73,2,1,0,0.60087981130,0.36156320098,500000.00
102,2,2,1,0.60087981130,0.36156320098,945000.00
105,3,1,1,0.60087981130,0.36156320098,1150000.00
200,3,2,2,0.60087981130,0.36156320098,2000000.00
105,3,2,1,0.60087981130,0.36156320098,1190000.00
105,2,1,1,0.60087981130,0.36156320098,699000.00
198,4,2,1,0.60087981130,0.36156320098,1600000.00
198,3,2,2,0.60087981130,0.36156320098,1600000.00
105,2,2,2,0.60087981130,0.36156320098,1240000.00
192,3,2,2,0.60087981130,0.36156320098,1600000.00
198,3,2,2,0.60087981130,0.36156320098,1600000.00
192,3,2,2,0.60087981130,0.36156320098,1600000.00
110,3,2,1,0.60087981130,0.36156320098,955000.00
96,3,1,1,0.60087981130,0.36156320098,1150000.00
105,3,2,1,0.60087981130,0.36156320098,940000.00
110,3,2,1,0.60087981130,0.36156320098,945000.00
90,2,1,0,0.60351019080,0.36052699479,798000.00
86,2,1,0,0.60351019080,0.36052699479,795000.00
75,2,1,0,0.60351019080,0.36052699479,550000.00
88,2,1,0,0.60351019080,0.36052699479,600000.00
75,2,1,0,0.60351019080,0.36052699479,550000.00
73,2,1,0,0.60351019080,0.36052699479,595000.00
83,2,1,0,0.60351019080,0.36052699479,798000.00
90,3,2,2,0.60410440489,0.35211029004,1100000.00
55,2,2,2,0.60410440489,0.35211029004,670000.00
97,3,2,1,0.60410440489,0.35211029004,1100000.00
191,3,3,2,0.60410440489,0.35211029004,1590000.00
193,3,3,1,0.60410440489,0.35211029004,1590000.00
55,2,2,1,0.60410440489,0.35211029004,670000.00
55,2,2,2,0.60410440489,0.35211029004,670000.00
110,2,2,1,0.60410440489,0.35211029004,960000.00
58,2,2,1,0.60410440489,0.35211029004,668000.00
193,3,3,1,0.60410440489,0.35211029004,1890000.00
191,3,3,1,0.60410440489,0.35211029004,1580000.00
97,3,2,1,0.60410440489,0.35211029004,995000.00
93,2,2,0,0.60410440489,0.35211029004,1200000.00
94,2,2,2,0.60410440489,0.35211029004,1200000.00
193,3,3,1,0.60410440489,0.35211029004,1590000.00
55,2,2,1,0.60410440489,0.35211029004,690000.00
94,3,2,1,0.60410440489,0.35211029004,990000.00
191,3,3,2,0.60410440489,0.35211029004,1500000.00
55,2,2,1,0.60410440489,0.35211029004,689000.00
193,3,3,1,0.60410440489,0.35211029004,1590000.00
58,2,2,1,0.60410440489,0.35211029004,690000.00
97,3,2,1,0.60410440489,0.35211029004,1200000.00
105,2,1,0,0.60410440489,0.35211029004,560000.00
55,2,2,1,0.60410440489,0.35211029004,680000.00
55,2,2,1,0.60410440489,0.35211029004,668000.00
193,3,3,1,0.60410440489,0.35211029004,1590000.00
191,3,3,2,0.60410440489,0.35211029004,1480000.00
193,3,3,1,0.60410440489,0.35211029004,1590000.00
193,3,3,1,0.60410440489,0.35211029004,1590000.00
191,3,3,2,0.60410440489,0.35211029004,1590000.00
56,2,1,1,0.60412036518,0.36331287128,645000.00
82,2,1,0,0.60412036518,0.36331287128,550000.00
82,2,1,1,0.60412036518,0.36331287128,735000.00
192,4,2,2,0.60412036518,0.36331287128,1800000.00
87,2,1,0,0.60412036518,0.36331287128,550000.00
160,4,3,3,0.60412036518,0.36331287128,2240000.00
56,2,1,1,0.60412036518,0.36331287128,615000.00
82,2,1,0,0.60412036518,0.36331287128,598500.00
161,4,3,3,0.60412036518,0.36331287128,2100000.00
82,2,1,0,0.60412036518,0.36331287128,600000.00
82,2,1,0,0.60412036518,0.36331287128,545000.00
210,4,2,2,0.60412036518,0.36331287128,1790000.00
82,2,1,0,0.60412036518,0.36331287128,750000.00
160,4,3,3,0.60412036518,0.36331287128,2210000.00
204,4,3,3,0.60412036518,0.36331287128,1500000.00
160,4,3,2,0.60412036518,0.36331287128,2200000.00
232,4,4,2,0.60412036518,0.36331287128,2250000.00
133,3,2,1,0.60412036518,0.36331287128,950000.00
56,2,1,1,0.60412036518,0.36331287128,600000.00
70,2,1,0,0.60412036518,0.36331287128,580000.00
161,2,3,2,0.60412036518,0.36331287128,2200000.00
235,4,3,3,0.60412036518,0.36331287128,3600000.00
108,2,2,1,0.60412036518,0.36331287128,900000.00
161,4,3,2,0.60412036518,0.36331287128,2200000.00
116,2,2,1,0.60412036518,0.36331287128,795000.00
160,4,3,3,0.60412036518,0.36331287128,2180000.00
133,3,2,1,0.60412036518,0.36331287128,1230000.00
108,2,2,1,0.60412036518,0.36331287128,900000.00
80,2,1,0,0.60412036518,0.36331287128,750000.00
70,2,0,0,0.60602669973,0.36368708702,550000.00
110,3,2,1,0.60602669973,0.36368708702,1200000.00
90,2,1,1,0.60602669973,0.36368708702,900000.00
37,1,1,1,0.60602669973,0.36368708702,480030.00
138,3,2,1,0.60602669973,0.36368708702,1380000.00
36,1,1,0,0.60602669973,0.36368708702,520000.00
48,1,1,0,0.60602669973,0.36368708702,515000.00
80,2,1,0,0.60602669973,0.36368708702,550000.00
73,2,1,0,0.60602669973,0.36368708702,585000.00
144,3,2,3,0.60602669973,0.36368708702,1490000.00
105,3,2,1,0.60602669973,0.36368708702,1200000.00
70,2,0,1,0.60602669973,0.36368708702,650000.00
37,1,1,0,0.60602669973,0.36368708702,523600.00
90,2,1,1,0.60602669973,0.36368708702,895000.00
143,3,2,1,0.60602669973,0.36368708702,1420000.00
133,3,2,1,0.60602669973,0.36368708702,900000.00
100,3,2,3,0.60602669973,0.36368708702,910000.00
73,2,1,0,0.60602669973,0.36368708702,560000.00
85,3,2,1,0.60602669973,0.36368708702,868000.00
138,3,2,1,0.60602669973,0.36368708702,1440000.00
75,2,0,0,0.60602669973,0.36368708702,420000.00
68,2,1,0,0.60602669973,0.36368708702,799000.00
100,3,2,3,0.60602669973,0.36368708702,950000.00
133,3,2,1,0.60602669973,0.36368708702,920000.00
37,1,1,0,0.60602669973,0.36368708702,434000.00
178,3,2,1,0.60602669973,0.36368708702,1380000.00
175,3,2,2,0.60602669973,0.36368708702,1600000.00
138,3,2,1,0.60602669973,0.36368708702,1300000.00
116,3,2,1,0.60602669973,0.36368708702,1200000.00
75,3,2,1,0.60602669973,0.36368708702,845000.00
176,4,2,2,0.60602669973,0.36368708702,1500000.00
131,3,2,1,0.60602669973,0.36368708702,1400000.00
124,3,2,1,0.60602669973,0.36368708702,1400000.00
110,3,2,1,0.60602669973,0.36368708702,1200000.00
263,3,3,3,0.60602669973,0.36368708702,2850000.00
127,3,2,1,0.60602669973,0.36368708702,1700000.00
175,3,2,2,0.60602669973,0.36368708702,1600000.00
85,3,2,1,0.60602669973,0.36368708702,870000.00
176,4,2,2,0.60602669973,0.36368708702,1400000.00
140,3,2,1,0.60602669973,0.36368708702,1385000.00
176,4,2,2,0.60602669973,0.36368708702,1500000.00
263,3,3,3,0.60602669973,0.36368708702,2850000.00
176,4,2,2,0.60602669973,0.36368708702,1500000.00
85,3,2,1,0.60602669973,0.36368708702,848000.00
75,2,0,0,0.60602669973,0.36368708702,650000.00
70,2,0,0,0.60602669973,0.36368708702,420000.00
36,1,1,0,0.60602669973,0.36368708702,520000.00
147,3,2,1,0.60602669973,0.36368708702,1450000.00
85,3,2,1,0.60602669973,0.36368708702,850000.00
100,3,2,3,0.60602669973,0.36368708702,960000.00
145,4,2,2,0.60602669973,0.36368708702,1350000.00
105,3,2,1,0.60602669973,0.36368708702,1200000.00
75,3,2,1,0.60602669973,0.36368708702,864000.00
262,3,3,3,0.60602669973,0.36368708702,2850000.00
175,4,2,2,0.60602669973,0.36368708702,1400000.00
72,3,2,1,0.60602669973,0.36368708702,750000.00
80,3,2,1,0.60602669973,0.36368708702,860000.00
77,2,1,0,0.60602669973,0.36368708702,750000.00
90,2,1,0,0.60602669973,0.36368708702,897000.00
90,2,1,0,0.60602669973,0.36368708702,890000.00
131,3,2,1,0.60602669973,0.36368708702,1400000.00
224,4,4,2,0.60863912390,0.36458885354,2300000.00
111,3,2,1,0.60863912390,0.36458885354,890000.00
141,2,4,1,0.60863912390,0.36458885354,1490000.00
225,4,4,2,0.60863912390,0.36458885354,2300000.00
104,3,2,1,0.60863912390,0.36458885354,700000.00
250,3,4,3,0.60863912390,0.36458885354,2300000.00
326,4,3,3,0.60863912390,0.36458885354,3200000.00
140,2,3,1,0.60863912390,0.36458885354,1490000.00
626,3,8,3,0.60863912390,0.36458885354,6500000.00
264,4,4,4,0.60863912390,0.36458885354,3950000.00
110,3,2,1,0.60863912390,0.36458885354,960000.00
250,4,4,3,0.60863912390,0.36458885354,2300000.00
210,3,4,3,0.60863912390,0.36458885354,2300000.00
120,3,2,1,0.60863912390,0.36458885354,890000.00
200,4,3,2,0.60863912390,0.36458885354,1950000.00
330,4,4,4,0.60863912390,0.36458885354,3950000.00
145,4,3,2,0.60863912390,0.36458885354,1450000.00
330,4,4,4,0.60863912390,0.36458885354,3950000.00
215,4,4,3,0.60863912390,0.36458885354,2200000.00
628,3,8,3,0.60863912390,0.36458885354,6500000.00
200,4,3,2,0.60863912390,0.36458885354,2200000.00
200,4,3,2,0.60863912390,0.36458885354,2120000.00
155,3,4,3,0.60863912390,0.36458885354,2390000.00
228,4,4,4,0.60863912390,0.36458885354,2335000.00
200,4,3,2,0.60863912390,0.36458885354,1999999.00
210,3,4,3,0.60863912390,0.36458885354,2300000.00
239,4,4,4,0.60863912390,0.36458885354,2500000.00
129,3,2,1,0.60863912390,0.36458885354,950000.00
111,3,2,1,0.60863912390,0.36458885354,820000.00
210,3,4,3,0.60863912390,0.36458885354,2300000.00
135,3,1,2,0.60863912390,0.36458885354,850000.00
210,3,4,3,0.60863912390,0.36458885354,2300000.00
200,4,3,2,0.60863912390,0.36458885354,2390000.00
156,3,4,3,0.60863912390,0.36458885354,1900000.00
120,3,2,1,0.60863912390,0.36458885354,890000.00
300,4,4,4,0.60863912390,0.36458885354,4000000.00
204,3,3,3,0.60863912390,0.36458885354,1800000.00
200,3,3,3,0.60863912390,0.36458885354,2120000.00
142,3,4,0,0.60863912390,0.36458885354,1490000.00
240,4,4,4,0.60863912390,0.36458885354,2200000.00
240,4,4,4,0.60863912390,0.36458885354,2300000.00
204,4,3,3,0.60863912390,0.36458885354,2150000.00
250,3,4,3,0.60863912390,0.36458885354,2300000.00
200,4,3,2,0.60863912390,0.36458885354,2100000.00
145,3,3,3,0.60863912390,0.36458885354,1730000.00
224,4,0,2,0.60863912390,0.36458885354,2300000.00
180,4,0,2,0.60863912390,0.36458885354,1790000.00
110,3,2,1,0.60863912390,0.36458885354,820000.00
200,4,3,2,0.60863912390,0.36458885354,2000000.00
110,3,2,1,0.60863912390,0.36458885354,890000.00
629,4,8,3,0.60863912390,0.36458885354,6500000.00
194,3,3,3,0.60863912390,0.36458885354,2000000.00
110,3,2,2,0.60863912390,0.36458885354,885000.00
264,3,4,3,0.60863912390,0.36458885354,3950000.00
250,3,4,3,0.60863912390,0.36458885354,2300000.00
148,4,3,2,0.60863912390,0.36458885354,1580000.00
131,3,2,1,0.60863912390,0.36458885354,960000.00
110,3,2,1,0.60863912390,0.36458885354,970000.00
120,3,2,1,0.60863912390,0.36458885354,950000.00
110,3,2,1,0.60863912390,0.36458885354,980000.00
120,3,2,1,0.60863912390,0.36458885354,890000.00
141,2,3,1,0.60863912390,0.36458885354,1490000.00
145,3,3,3,0.60863912390,0.36458885354,1560000.00
112,3,1,1,0.60863912390,0.36458885354,1325000.00
110,3,2,1,0.60863912390,0.36458885354,820000.00
200,4,3,2,0.60863912390,0.36458885354,2100000.00
142,2,4,1,0.60863912390,0.36458885354,1490000.00
55,2,1,0,0.60971091914,0.36282767224,550000.00
77,2,1,1,0.60971091914,0.36282767224,800000.00
77,2,1,0,0.60971091914,0.36282767224,620000.00
170,3,3,3,0.60971091914,0.36282767224,1200000.00
384,3,3,3,0.60971091914,0.36282767224,3290000.00
230,4,3,2,0.60971091914,0.36282767224,1990000.00
220,4,3,3,0.60971091914,0.36282767224,2500000.00
217,4,3,2,0.60971091914,0.36282767224,1800000.00
80,3,1,0,0.60971091914,0.36282767224,585000.00
400,4,3,3,0.60971091914,0.36282767224,3800000.00
80,2,1,0,0.60971091914,0.36282767224,540000.00
77,2,1,0,0.60971091914,0.36282767224,620000.00
210,3,4,3,0.60971091914,0.36282767224,2500000.00
77,2,1,1,0.60971091914,0.36282767224,800000.00
217,4,3,3,0.60971091914,0.36282767224,2300000.00
214,4,3,2,0.60971091914,0.36282767224,2100000.00
242,4,4,3,0.60971091914,0.36282767224,2600000.00
220,4,3,3,0.60971091914,0.36282767224,2120000.00
454,3,4,3,0.60971091914,0.36282767224,4780000.00
77,2,2,1,0.60971091914,0.36282767224,800000.00
275,4,4,4,0.60971091914,0.36282767224,2200000.00
400,4,3,3,0.60971091914,0.36282767224,3300000.00
55,2,1,0,0.60971091914,0.36282767224,549000.00
400,5,3,3,0.60971091914,0.36282767224,3800000.00
175,4,3,1,0.60971091914,0.36282767224,1590000.00
242,4,4,3,0.60971091914,0.36282767224,2600000.00
435,4,4,2,0.60971091914,0.36282767224,4800000.00
200,4,3,2,0.60971091914,0.36282767224,2200000.00
400,3,3,3,0.60971091914,0.36282767224,3300000.00
217,4,3,3,0.60971091914,0.36282767224,2100000.00
200,4,3,3,0.60971091914,0.36282767224,2128000.00
191,4,3,2,0.60971091914,0.36282767224,2120000.00
54,2,1,0,0.60971091914,0.36282767224,580000.00
220,4,2,3,0.60971091914,0.36282767224,1650000.00
214,4,3,3,0.60971091914,0.36282767224,2130000.00
217,4,3,3,0.60971091914,0.36282767224,2400000.00
220,4,3,3,0.60971091914,0.36282767224,2500000.00
60,2,1,0,0.60971091914,0.36282767224,540000.00
77,2,0,1,0.60971091914,0.36282767224,800000.00
217,4,3,3,0.60971091914,0.36282767224,2400000.00
170,4,3,3,0.60971091914,0.36282767224,1275000.00
214,4,3,3,0.60971091914,0.36282767224,2000000.00
214,4,3,3,0.60971091914,0.36282767224,2130000.00
178,3,3,2,0.60971091914,0.36282767224,1600000.00
247,3,4,3,0.60971091914,0.36282767224,2000000.00
77,2,1,1,0.60971091914,0.36282767224,800000.00
191,4,3,2,0.60971091914,0.36282767224,2120000.00
77,3,1,1,0.61032201431,0.36360216632,700000.00
77,3,1,1,0.61032201431,0.36360216632,700000.00
107,3,3,0,0.61032201431,0.36360216632,1350000.00
162,4,4,3,0.61032201431,0.36360216632,1950000.00
103,3,2,1,0.61032201431,0.36360216632,1650000.00
275,4,4,4,0.61032201431,0.36360216632,3750000.00
43,1,1,0,0.61032201431,0.36360216632,445000.00
250,4,4,4,0.61032201431,0.36360216632,2500000.00
235,4,4,4,0.61032201431,0.36360216632,3200000.00
165,4,4,3,0.61032201431,0.36360216632,1800000.00
240,3,4,3,0.61032201431,0.36360216632,2700000.00
190,3,3,3,0.61032201431,0.36360216632,1650000.00
104,3,2,1,0.61032201431,0.36360216632,1300000.00
275,3,4,3,0.61032201431,0.36360216632,4400000.00
190,3,2,3,0.61032201431,0.36360216632,2300000.00
275,4,4,4,0.61032201431,0.36360216632,4400000.00
89,2,2,1,0.61032201431,0.36360216632,1040000.00
120,3,2,3,0.61032201431,0.36360216632,1500000.00
90,2,2,1,0.61032201431,0.36360216632,900000.00
574,4,8,4,0.61032201431,0.36360216632,9500000.00
200,4,3,2,0.61032201431,0.36360216632,2500000.00
162,4,4,3,0.61032201431,0.36360216632,1800000.00
110,3,2,1,0.61032201431,0.36360216632,1275000.00
40,1,1,1,0.61032201431,0.36360216632,470000.00
120,3,2,1,0.61032201431,0.36360216632,1490000.00
52,2,1,0,0.61032201431,0.36360216632,550000.00
120,3,2,1,0.61032201431,0.36360216632,1600000.00
43,1,1,1,0.61032201431,0.36360216632,420000.00
242,3,4,3,0.61032201431,0.36360216632,2500000.00
190,4,3,2,0.61032201431,0.36360216632,2900000.00
50,2,0,0,0.61032201431,0.36360216632,580000.00
104,3,2,1,0.61032201431,0.36360216632,1300000.00
120,3,2,1,0.61032201431,0.36360216632,1350000.00
88,2,2,1,0.61032201431,0.36360216632,1060000.00
90,2,2,1,0.61032201431,0.36360216632,920000.00
80,3,1,1,0.61032201431,0.36360216632,700000.00
190,4,3,3,0.61032201431,0.36360216632,1850000.00
275,4,4,4,0.61032201431,0.36360216632,4450000.00
80,3,1,1,0.61032201431,0.36360216632,700000.00
190,4,2,3,0.61032201431,0.36360216632,1800000.00
70,2,2,0,0.61032201431,0.36360216632,1030000.00
107,3,3,1,0.61032201431,0.36360216632,1350000.00
260,4,4,3,0.61032201431,0.36360216632,2500000.00
50,2,1,0,0.61032201431,0.36360216632,610000.00
90,2,2,1,0.61032201431,0.36360216632,1040000.00
107,3,3,1,0.61032201431,0.36360216632,1350000.00
110,3,2,1,0.61032201431,0.36360216632,1550000.00
190,4,3,3,0.61032201431,0.36360216632,1800000.00
132,4,3,3,0.61060515610,0.31267320780,1300000.00
86,2,1,1,0.61075355615,0.36096614987,745000.00
63,2,1,1,0.61075355615,0.36096614987,795000.00
45,1,1,1,0.61075355615,0.36096614987,500000.00
63,2,1,1,0.61075355615,0.36096614987,790000.00
194,4,3,2,0.61075355615,0.36096614987,1800000.00
87,3,3,2,0.61075355615,0.36096614987,1080000.00
113,3,2,1,0.61075355615,0.36096614987,1200000.00
116,3,1,0,0.61075355615,0.36096614987,850000.00
158,3,3,3,0.61075355615,0.36096614987,2500000.00
158,3,3,3,0.61075355615,0.36096614987,2500000.00
166,4,2,3,0.61075355615,0.36096614987,1650000.00
220,3,3,3,0.61075355615,0.36096614987,2140000.00
116,3,1,1,0.61075355615,0.36096614987,850000.00
195,4,3,3,0.61075355615,0.36096614987,2862000.00
338,4,4,3,0.61075355615,0.36096614987,2400000.00
275,4,4,4,0.61075355615,0.36096614987,2490000.00
61,2,1,1,0.61075355615,0.36096614987,800000.00
158,3,3,3,0.61075355615,0.36096614987,2500000.00
116,3,1,1,0.61075355615,0.36096614987,840000.00
257,4,4,4,0.61075355615,0.36096614987,3400000.00
85,2,1,0,0.61075355615,0.36096614987,825000.00
574,4,6,4,0.61075355615,0.36096614987,10065423.00
63,2,1,1,0.61075355615,0.36096614987,790000.00
86,2,3,2,0.61075355615,0.36096614987,1050000.00
141,3,2,1,0.61075355615,0.36096614987,1295000.00
215,3,4,3,0.61075355615,0.36096614987,3500000.00
168,3,1,0,0.61075355615,0.36096614987,860000.00
205,4,3,3,0.61075355615,0.36096614987,1900000.00
117,4,1,0,0.61075355615,0.36096614987,790000.00
220,4,3,1,0.61075355615,0.36096614987,1600000.00
70,2,1,0,0.61075355615,0.36096614987,650000.00
115,3,2,1,0.61075355615,0.36096614987,1100000.00
115,3,1,1,0.61075355615,0.36096614987,850000.00
140,3,2,1,0.61075355615,0.36096614987,1300000.00
220,4,3,1,0.61075355615,0.36096614987,1600000.00
70,2,1,1,0.61075355615,0.36096614987,800000.00
210,4,3,2,0.61075355615,0.36096614987,2400000.00
158,3,3,3,0.61075355615,0.36096614987,2450000.00
70,2,1,0,0.61075355615,0.36096614987,620000.00
95,3,1,0,0.61075355615,0.36096614987,780000.00
275,4,4,4,0.61075355615,0.36096614987,2490000.00
300,4,5,4,0.61075355615,0.36096614987,4560000.00
300,4,5,3,0.61075355615,0.36096614987,4600000.00
220,3,3,3,0.61075355615,0.36096614987,2295000.00
140,3,2,1,0.61075355615,0.36096614987,1300000.00
188,4,3,1,0.61075355615,0.36096614987,1895000.00
204,3,5,3,0.61075355615,0.36096614987,1950000.00
214,4,4,2,0.61075355615,0.36096614987,3400000.00
87,2,2,1,0.61075355615,0.36096614987,1095000.00
257,4,4,4,0.61075355615,0.36096614987,3400000.00
200,4,3,3,0.61075355615,0.36096614987,1600000.00
300,3,5,3,0.61075355615,0.36096614987,4260000.00
70,2,2,0,0.61075355615,0.36096614987,750000.00
220,3,3,3,0.61075355615,0.36096614987,2295000.00
158,3,3,3,0.61075355615,0.36096614987,2500000.00
215,4,5,3,0.61075355615,0.36096614987,1835000.00
209,4,4,3,0.61075355615,0.36096614987,2350000.00
214,4,4,2,0.61075355615,0.36096614987,3400000.00
182,4,3,1,0.61075355615,0.36096614987,1895000.00
214,3,3,3,0.61075355615,0.36096614987,3500000.00
154,2,2,0,0.61075355615,0.36096614987,1645000.00
70,2,1,0,0.61075355615,0.36096614987,756000.00
210,4,4,0,0.61075355615,0.36096614987,2400000.00
200,3,3,2,0.61075355615,0.36096614987,1900000.00
200,4,3,1,0.61075355615,0.36096614987,1190000.00
220,4,3,3,0.61075355615,0.36096614987,1200000.00
105,3,2,1,0.61075355615,0.36096614987,1300000.00
220,4,3,1,0.61075355615,0.36096614987,1550000.00
214,4,3,2,0.61075355615,0.36096614987,2400000.00
45,1,1,0,0.61075355615,0.36096614987,500000.00
105,1,2,1,0.61075355615,0.36096614987,1350000.00
190,3,3,1,0.61075355615,0.36096614987,1700000.00
65,2,1,1,0.61075355615,0.36096614987,780000.00
166,3,2,3,0.61075355615,0.36096614987,1685000.00
115,3,2,1,0.61075355615,0.36096614987,1200000.00
194,3,3,3,0.61075355615,0.36096614987,2000000.00
256,4,4,4,0.61075355615,0.36096614987,3400000.00
86,2,1,1,0.61075355615,0.36096614987,780000.00
75,2,1,1,0.61075355615,0.36096614987,750000.00
158,3,3,3,0.61075355615,0.36096614987,2500000.00
204,4,4,3,0.61075355615,0.36096614987,1580000.00
215,4,4,2,0.61075355615,0.36096614987,3400000.00
100,3,1,0,0.61075355615,0.36096614987,690000.00
208,3,4,3,0.61075355615,0.36096614987,2200000.00
204,4,4,2,0.61075355615,0.36096614987,1700000.00
255,4,4,4,0.61075355615,0.36096614987,3200000.00
115,3,2,1,0.61075355615,0.36096614987,1100000.00
86,3,3,2,0.61075355615,0.36096614987,1080000.00
220,4,3,3,0.61075355615,0.36096614987,2100000.00
45,1,1,0,0.61075355615,0.36096614987,490000.00
214,4,4,3,0.61075355615,0.36096614987,3100000.00
255,4,4,4,0.61075355615,0.36096614987,3210000.00
76,3,1,1,0.61075355615,0.36096614987,790000.00
158,4,3,3,0.61075355615,0.36096614987,2490000.00
158,3,3,3,0.61075355615,0.36096614987,2250000.00
193,4,3,1,0.61075355615,0.36096614987,1700000.00
86,3,2,2,0.61075355615,0.36096614987,1100000.00
338,4,4,3,0.61075355615,0.36096614987,2500000.00
200,3,3,3,0.61075355615,0.36096614987,2590000.00
320,4,4,3,0.61075355615,0.36096614987,2400000.00
96,3,1,0,0.61075355615,0.36096614987,650000.00
120,3,1,1,0.61075355615,0.36096614987,798000.00
115,3,2,1,0.61075355615,0.36096614987,1100000.00
288,4,4,4,0.61180417331,0.35724310513,4854000.00
169,4,2,2,0.61180417331,0.35724310513,1400000.00
193,3,4,3,0.61180417331,0.35724310513,2000000.00
288,4,0,4,0.61180417331,0.35724310513,4890000.00
70,2,1,0,0.61180417331,0.35724310513,650000.00
181,4,2,3,0.61180417331,0.35724310513,1789000.00
193,3,4,3,0.61180417331,0.35724310513,2130000.00
348,4,4,2,0.61180417331,0.35724310513,2665000.00
239,3,4,3,0.61180417331,0.35724310513,1950000.00
288,4,4,4,0.61180417331,0.35724310513,6305645.00
348,4,4,2,0.61180417331,0.35724310513,2650000.00
288,4,4,0,0.61180417331,0.35724310513,5888156.00
288,4,4,0,0.61180417331,0.35724310513,6389276.00
348,4,4,2,0.61180417331,0.35724310513,2665000.00
113,3,2,1,0.61180417331,0.35724310513,1250000.00
348,4,4,1,0.61180417331,0.35724310513,2665000.00
164,4,2,1,0.61180417331,0.35724310513,1700000.00
170,4,2,4,0.61180417331,0.35724310513,1500000.00
364,3,4,3,0.61180417331,0.35724310513,2690000.00
288,4,5,4,0.61180417331,0.35724310513,5300000.00
250,4,5,4,0.61180417331,0.35724310513,3500000.00
448,4,6,4,0.61180417331,0.35724310513,10650000.00
212,4,3,1,0.61180417331,0.35724310513,2096000.00
288,4,4,4,0.61180417331,0.35724310513,4890000.00
238,3,3,3,0.61180417331,0.35724310513,2200000.00
305,3,4,2,0.61180417331,0.35724310513,2665000.00
248,4,5,4,0.61180417331,0.35724310513,3550000.00
288,4,4,4,0.61180417331,0.35724310513,5780000.00
240,4,3,3,0.61180417331,0.35724310513,2200000.00
238,3,4,3,0.61180417331,0.35724310513,2200000.00
288,4,4,0,0.61180417331,0.35724310513,6013436.00
288,4,4,0,0.61180417331,0.35724310513,6263996.00
288,4,4,0,0.61180417331,0.35724310513,6326636.00
259,3,4,3,0.61180417331,0.35724310513,2350000.00
80,3,1,0,0.61180417331,0.35724310513,750000.00
348,4,4,1,0.61180417331,0.35724310513,2665000.00
348,4,4,1,0.61180417331,0.35724310513,2665000.00
181,4,2,3,0.61180417331,0.35724310513,1700000.00
220,4,4,2,0.61180417331,0.35724310513,1650000.00
182,3,2,3,0.61180417331,0.35724310513,2000000.00
348,4,4,1,0.61180417331,0.35724310513,2665000.00
181,4,2,2,0.61180417331,0.35724310513,1750000.00
288,4,4,4,0.61180417331,0.35724310513,4854000.00
288,4,0,0,0.61180417331,0.35724310513,4641474.00
288,4,4,4,0.61180417331,0.35724310513,4530000.00
270,4,4,2,0.61180417331,0.35724310513,2300000.00
101,3,2,1,0.61207503794,0.36431063511,850000.00
220,4,5,3,0.61207503794,0.36431063511,3500000.00
260,3,4,3,0.61207503794,0.36431063511,2350000.00
115,3,2,1,0.61207503794,0.36431063511,1100000.00
137,3,3,3,0.61207503794,0.36431063511,1900000.00
389,4,7,3,0.61207503794,0.36431063511,6000000.00
220,3,4,3,0.61207503794,0.36431063511,1970000.00
200,4,3,3,0.61207503794,0.36431063511,1970000.00
220,4,4,3,0.61207503794,0.36431063511,1970000.00
115,3,2,1,0.61207503794,0.36431063511,1100000.00
261,4,4,3,0.61207503794,0.36431063511,2800000.00
220,3,5,3,0.61207503794,0.36431063511,3724000.00
122,3,2,1,0.61207503794,0.36431063511,1100000.00
115,3,2,1,0.61207503794,0.36431063511,980000.00
219,3,5,3,0.61207503794,0.36431063511,3500000.00
129,3,2,1,0.61207503794,0.36431063511,1300000.00
137,4,3,2,0.61207503794,0.36431063511,1720000.00
220,4,4,3,0.61207503794,0.36431063511,1970000.00
121,3,1,1,0.61207503794,0.36431063511,1050000.00
70,2,1,0,0.61207503794,0.36431063511,670000.00
130,3,2,1,0.61207503794,0.36431063511,1200000.00
78,2,1,0,0.61207503794,0.36431063511,959000.00
220,4,4,3,0.61207503794,0.36431063511,1970000.00
50,1,1,1,0.61207503794,0.36431063511,490000.00
220,3,4,3,0.61207503794,0.36431063511,3700000.00
261,3,4,3,0.61207503794,0.36431063511,2550000.00
79,2,1,0,0.61207503794,0.36431063511,950000.00
40,1,1,0,0.61337350008,0.35451977892,450000.00
102,3,1,1,0.61337350008,0.35451977892,1170000.00
37,1,1,0,0.61337350008,0.35451977892,350000.00
40,1,1,0,0.61337350008,0.35451977892,450000.00
40,1,1,0,0.61337350008,0.35451977892,450000.00
521,3,5,3,0.61363085985,0.36153040552,6900000.00
110,3,2,1,0.61363085985,0.36153040552,1220000.00
128,4,2,1,0.61363085985,0.36153040552,1100000.00
138,2,2,2,0.61363085985,0.36153040552,1180000.00
160,3,3,3,0.61363085985,0.36153040552,2300000.00
138,2,2,2,0.61363085985,0.36153040552,1250000.00
227,3,3,3,0.61363085985,0.36153040552,1880000.00
202,3,4,3,0.61363085985,0.36153040552,2800000.00
198,3,4,3,0.61363085985,0.36153040552,2100000.00
180,4,3,1,0.61363085985,0.36153040552,1700000.00
100,2,1,0,0.61363085985,0.36153040552,980000.00
87,2,1,1,0.61363085985,0.36153040552,800000.00
177,4,3,3,0.61363085985,0.36153040552,1900000.00
160,3,3,3,0.61363085985,0.36153040552,2300000.00
72,2,1,0,0.61363085985,0.36153040552,765000.00
202,4,4,4,0.61363085985,0.36153040552,2700000.00
220,3,3,3,0.61363085985,0.36153040552,1950000.00
174,4,2,2,0.61363085985,0.36153040552,1596000.00
125,4,2,1,0.61363085985,0.36153040552,1100000.00
88,2,1,1,0.61363085985,0.36153040552,750000.00
400,4,3,2,0.61363085985,0.36153040552,3935000.00
138,3,2,2,0.61363085985,0.36153040552,1430000.00
102,2,1,0,0.61363085985,0.36153040552,980000.00
72,2,1,0,0.61363085985,0.36153040552,720000.00
125,3,2,1,0.61363085985,0.36153040552,1250000.00
102,2,1,1,0.61363085985,0.36153040552,960000.00
193,4,3,2,0.61363085985,0.36153040552,1750000.00
193,4,3,3,0.61363085985,0.36153040552,2100000.00
117,3,2,1,0.61363085985,0.36153040552,980000.00
156,3,3,3,0.61363085985,0.36153040552,1700000.00
200,4,2,2,0.61363085985,0.36153040552,1980000.00
101,3,2,1,0.61363085985,0.36153040552,960000.00
138,2,3,0,0.61363085985,0.36153040552,1350000.00
105,3,2,1,0.61363085985,0.36153040552,890000.00
128,4,2,1,0.61363085985,0.36153040552,1100000.00
125,3,2,1,0.61363085985,0.36153040552,1250000.00
122,3,1,1,0.61363085985,0.36153040552,1700000.00
90,3,1,1,0.61363085985,0.36153040552,697000.00
368,4,9,4,0.61363085985,0.36153040552,5520000.00
80,2,1,0,0.61363085985,0.36153040552,750000.00
105,3,2,1,0.61363085985,0.36153040552,901000.00
110,3,2,1,0.61363085985,0.36153040552,1200000.00
160,3,3,3,0.61363085985,0.36153040552,2500000.00
540,5,4,3,0.61363085985,0.36153040552,4500000.00
533,3,4,3,0.61363085985,0.36153040552,6000000.00
105,2,1,0,0.61363085985,0.36153040552,980000.00
65,2,1,1,0.61363085985,0.36153040552,520000.00
138,3,2,2,0.61363085985,0.36153040552,1450000.00
166,3,3,3,0.61363085985,0.36153040552,2200000.00
360,4,3,3,0.61363085985,0.36153040552,3100000.00
156,3,3,3,0.61363085985,0.36153040552,1590000.00
60,2,1,0,0.61363085985,0.36153040552,636000.00
100,2,1,0,0.61363085985,0.36153040552,980000.00
105,3,2,1,0.61363085985,0.36153040552,960000.00
220,4,2,3,0.61363085985,0.36153040552,1800000.00
193,4,3,1,0.61363085985,0.36153040552,1850000.00
72,2,1,0,0.61363085985,0.36153040552,765000.00
150,3,3,3,0.61363085985,0.36153040552,1700000.00
200,4,4,2,0.61363085985,0.36153040552,1950000.00
127,3,2,1,0.61363085985,0.36153040552,1250000.00
123,3,2,1,0.61363085985,0.36153040552,1180000.00
110,3,2,1,0.61363085985,0.36153040552,1280000.00
533,5,4,4,0.61363085985,0.36153040552,4500000.00
224,4,3,3,0.61363085985,0.36153040552,2650000.00
350,4,2,1,0.61363085985,0.36153040552,2800000.00
87,2,1,1,0.61363085985,0.36153040552,780000.00
70,2,1,0,0.61363085985,0.36153040552,780000.00
60,2,1,0,0.61363085985,0.36153040552,586000.00
104,3,2,1,0.61363085985,0.36153040552,900000.00
193,3,3,1,0.61363085985,0.36153040552,1950000.00
90,2,1,1,0.61363085985,0.36153040552,780000.00
180,4,3,3,0.61363085985,0.36153040552,1900000.00
112,3,2,1,0.61363085985,0.36153040552,1150000.00
166,3,3,3,0.61363085985,0.36153040552,2450000.00
74,2,1,0,0.61363085985,0.36153040552,710000.00
140,4,2,1,0.61363085985,0.36153040552,1200000.00
87,3,1,1,0.61363085985,0.36153040552,780000.00
221,4,3,3,0.61363085985,0.36153040552,2200000.00
60,2,1,0,0.61363085985,0.36153040552,590000.00
540,4,8,3,0.61363085985,0.36153040552,4500000.00
60,2,1,0,0.61363085985,0.36153040552,586000.00
102,3,2,1,0.61363085985,0.36153040552,900000.00
117,3,2,1,0.61363085985,0.36153040552,980000.00
117,3,2,1,0.61363085985,0.36153040552,980000.00
216,4,2,2,0.61363085985,0.36153040552,1900000.00
202,3,3,3,0.61363085985,0.36153040552,2800000.00
187,4,3,3,0.61363085985,0.36153040552,1600000.00
160,3,3,3,0.61363085985,0.36153040552,2000000.00
87,3,1,1,0.61363085985,0.36153040552,695000.00
128,4,2,1,0.61363085985,0.36153040552,1100000.00
193,4,3,3,0.61363085985,0.36153040552,1750000.00
117,3,2,1,0.61363085985,0.36153040552,980000.00
190,4,4,2,0.61363085985,0.36153040552,3250000.00
260,4,4,3,0.61363085985,0.36153040552,2300000.00
360,4,3,4,0.61363085985,0.36153040552,3100000.00
100,2,1,0,0.61363085985,0.36153040552,980000.00
101,3,2,1,0.61363085985,0.36153040552,940000.00
90,3,1,1,0.61363085985,0.36153040552,650000.00
117,3,2,0,0.61363085985,0.36153040552,980000.00
95,3,1,1,0.61411872311,0.35883227316,800000.00
95,3,2,1,0.61411872311,0.35883227316,958000.00
110,3,1,1,0.61411872311,0.35883227316,780000.00
45,1,1,0,0.61411872311,0.35883227316,465000.00
92,3,2,1,0.61411872311,0.35883227316,890000.00
90,3,1,1,0.61411872311,0.35883227316,797800.00
93,3,2,1,0.61411872311,0.35883227316,980000.00
93,3,2,1,0.61411872311,0.35883227316,900000.00
95,3,1,1,0.61411872311,0.35883227316,840000.00
93,3,2,1,0.61411872311,0.35883227316,745000.00
45,1,1,1,0.61427694489,0.34917129568,550000.00
56,2,1,1,0.61427694489,0.34917129568,545000.00
67,2,1,0,0.61427694489,0.34917129568,900000.00
165,4,3,3,0.61427694489,0.34917129568,2600000.00
165,4,3,3,0.61427694489,0.34917129568,2650000.00
45,1,1,1,0.61427694489,0.34917129568,595000.00
169,4,3,1,0.61427694489,0.34917129568,1600000.00
204,3,4,3,0.61427694489,0.34917129568,3100000.00
164,3,2,3,0.61427694489,0.34917129568,2450000.00
165,4,3,3,0.61427694489,0.34917129568,2649000.00
170,3,2,1,0.61427694489,0.34917129568,1490000.00
87,2,1,0,0.61427694489,0.34917129568,900000.00
170,3,2,3,0.61427694489,0.34917129568,1960000.00
179,3,3,3,0.61427694489,0.34917129568,2660000.00
168,4,3,1,0.61427694489,0.34917129568,1800000.00
170,4,2,1,0.61427694489,0.34917129568,1600000.00
207,3,3,3,0.61427694489,0.34917129568,3290000.00
40,1,1,0,0.61427694489,0.34917129568,360000.00
170,4,2,1,0.61427694489,0.34917129568,1600000.00
179,3,3,3,0.61427694489,0.34917129568,2600000.00
58,2,1,1,0.61427694489,0.34917129568,750000.00
170,3,2,1,0.61427694489,0.34917129568,1595000.00
164,3,3,3,0.61427694489,0.34917129568,2650000.00
45,1,1,1,0.61427694489,0.34917129568,575000.00
47,1,1,0,0.61427694489,0.34917129568,630000.00
67,1,1,0,0.61427694489,0.34917129568,900000.00
40,1,1,0,0.61427694489,0.34917129568,430000.00
165,4,0,3,0.61427694489,0.34917129568,2900000.00
164,4,2,1,0.61427694489,0.34917129568,1990000.00
179,3,3,3,0.61427694489,0.34917129568,2649000.00
179,3,3,3,0.61427694489,0.34917129568,2649000.00
210,3,3,3,0.61427694489,0.34917129568,3400000.00
164,4,2,1,0.61427694489,0.34917129568,1960000.00
233,4,4,3,0.61427694489,0.34917129568,2450000.00
170,3,2,1,0.61427694489,0.34917129568,1600000.00
164,4,2,1,0.61427694489,0.34917129568,1960000.00
73,2,2,1,0.61427694489,0.34917129568,740000.00
175,3,2,3,0.61427694489,0.34917129568,2450000.00
168,4,2,1,0.61427694489,0.34917129568,1915000.00
168,4,2,1,0.61427694489,0.34917129568,1960000.00
59,2,2,0,0.61461042299,0.33349311165,720000.00
108,3,2,1,0.61461042299,0.33349311165,1380000.00
59,2,2,0,0.61461042299,0.33349311165,765000.00
120,3,2,3,0.61461042299,0.33349311165,1300000.00
230,3,3,3,0.61461042299,0.33349311165,2300000.00
118,3,3,3,0.61461042299,0.33349311165,1400000.00
110,2,2,1,0.61461042299,0.33349311165,1200000.00
130,3,2,3,0.61461042299,0.33349311165,1490000.00
234,4,3,3,0.61461042299,0.33349311165,2220000.00
105,3,2,1,0.61461042299,0.33349311165,1400000.00
120,3,2,3,0.61461042299,0.33349311165,1300000.00
106,3,3,1,0.61461042299,0.33349311165,1280000.00
115,3,2,1,0.61461042299,0.33349311165,1200000.00
118,3,2,1,0.61461042299,0.33349311165,1350000.00
90,3,2,1,0.61461042299,0.33349311165,900000.00
110,3,2,1,0.61487990645,0.36307743898,1300000.00
110,4,2,1,0.61487990645,0.36307743898,970000.00
228,4,4,3,0.61487990645,0.36307743898,2300000.00
154,4,2,1,0.61487990645,0.36307743898,1600000.00
56,2,1,2,0.61487990645,0.36307743898,750000.00
110,3,1,1,0.61487990645,0.36307743898,1000000.00
56,2,2,1,0.61487990645,0.36307743898,722000.00
110,4,2,1,0.61487990645,0.36307743898,1300000.00
70,1,1,0,0.61487990645,0.36307743898,599000.00
154,4,2,1,0.61487990645,0.36307743898,1600000.00
149,3,2,3,0.61487990645,0.36307743898,1200000.00
60,1,1,1,0.61487990645,0.36307743898,765000.00
390,4,4,4,0.61487990645,0.36307743898,3400000.00
149,3,2,1,0.61487990645,0.36307743898,1200000.00
58,2,1,1,0.61487990645,0.36307743898,790000.00
200,3,3,1,0.61487990645,0.36307743898,2000000.00
354,5,4,5,0.61487990645,0.36307743898,4200000.00
355,4,4,4,0.61487990645,0.36307743898,3990000.00
370,5,4,5,0.61487990645,0.36307743898,3700000.00
110,4,2,1,0.61487990645,0.36307743898,1500000.00
395,4,4,4,0.61487990645,0.36307743898,3500000.00
110,3,2,1,0.61487990645,0.36307743898,1250000.00
358,4,3,2,0.61487990645,0.36307743898,2800000.00
154,4,2,1,0.61487990645,0.36307743898,1600000.00
260,3,4,3,0.61487990645,0.36307743898,3700000.00
359,4,3,2,0.61487990645,0.36307743898,2800000.00
150,3,2,1,0.61487990645,0.36307743898,1650000.00
142,3,2,1,0.61487990645,0.36307743898,1200000.00
110,3,2,1,0.61487990645,0.36307743898,1450000.00
106,4,2,1,0.61487990645,0.36307743898,1215000.00
60,1,1,1,0.61487990645,0.36307743898,800000.00
110,4,2,1,0.61487990645,0.36307743898,1300000.00
85,2,1,0,0.61487990645,0.36307743898,840000.00
355,5,4,5,0.61487990645,0.36307743898,4000000.00
154,4,2,1,0.61487990645,0.36307743898,1600000.00
355,5,4,5,0.61487990645,0.36307743898,4000000.00
198,3,3,3,0.61487990645,0.36307743898,2100000.00
112,3,2,1,0.61506529142,0.35333610176,960000.00
110,3,1,3,0.61506529142,0.35333610176,908000.00
242,4,4,2,0.61506529142,0.35333610176,2600000.00
112,3,2,1,0.61506529142,0.35333610176,890000.00
76,2,2,2,0.61506529142,0.35333610176,1100000.00
238,4,3,2,0.61506529142,0.35333610176,1980000.00
74,2,2,2,0.61506529142,0.35333610176,850000.00
127,3,3,3,0.61506529142,0.35333610176,1490000.00
118,3,2,1,0.61506529142,0.35333610176,1250000.00
69,2,1,2,0.61506529142,0.35333610176,735000.00
112,3,2,1,0.61506529142,0.35333610176,1100000.00
75,2,1,2,0.61506529142,0.35333610176,580000.00
204,4,3,3,0.61506529142,0.35333610176,3200000.00
74,2,2,2,0.61506529142,0.35333610176,1100000.00
324,4,6,4,0.61506529142,0.35333610176,5810000.00
238,4,3,2,0.61506529142,0.35333610176,1980000.00
71,2,1,2,0.61506529142,0.35333610176,1100000.00
325,4,6,4,0.61506529142,0.35333610176,7300000.00
112,3,2,1,0.61506529142,0.35333610176,1100000.00
204,4,3,3,0.61506529142,0.35333610176,3300000.00
40,1,1,0,0.61506529142,0.35333610176,415000.00
238,4,3,2,0.61506529142,0.35333610176,2100000.00
265,4,4,4,0.61506529142,0.35333610176,3150000.00
125,4,2,3,0.61506529142,0.35333610176,1550000.00
530,5,8,4,0.61506529142,0.35333610176,7740000.00
118,3,2,1,0.61506529142,0.35333610176,1150000.00
70,2,1,2,0.61506529142,0.35333610176,849000.00
73,2,1,2,0.61506529142,0.35333610176,1000000.00
73,2,2,2,0.61506529142,0.35333610176,980000.00
55,1,1,1,0.61506529142,0.35333610176,590000.00
207,3,3,3,0.61506529142,0.35333610176,3200000.00
117,3,2,1,0.61506529142,0.35333610176,1150000.00
244,3,3,3,0.61506529142,0.35333610176,3280000.00
70,2,1,2,0.61506529142,0.35333610176,699799.00
70,2,1,2,0.61506529142,0.35333610176,600000.00
204,4,3,3,0.61506529142,0.35333610176,3300000.00
112,3,2,1,0.61506529142,0.35333610176,890000.00
120,3,2,1,0.61506529142,0.35333610176,1290000.00
204,3,3,3,0.61506529142,0.35333610176,3200000.00
71,2,1,2,0.61506529142,0.35333610176,850000.00
118,3,2,1,0.61506529142,0.35333610176,1100000.00
143,2,2,1,0.61506529142,0.35333610176,1600000.00
109,3,1,1,0.61506529142,0.35333610176,900000.00
120,3,2,1,0.61506529142,0.35333610176,1150000.00
73,2,2,2,0.61506529142,0.35333610176,1050000.00
115,3,2,1,0.61506529142,0.35333610176,890000.00
150,4,4,2,0.61506529142,0.35333610176,2700000.00
127,4,3,3,0.61506529142,0.35333610176,1550000.00
115,3,2,1,0.61506529142,0.35333610176,1050000.00
70,2,1,0,0.61506529142,0.35333610176,600000.00
800,4,8,4,0.61506529142,0.35333610176,7200000.00
204,3,3,3,0.61506529142,0.35333610176,3200000.00
204,3,0,3,0.61506529142,0.35333610176,3300000.00
207,4,3,3,0.61506529142,0.35333610176,3200000.00
204,3,3,3,0.61506529142,0.35333610176,3300000.00
70,2,2,2,0.61506529142,0.35333610176,870000.00
112,3,2,1,0.61506529142,0.35333610176,890000.00
250,4,3,2,0.61506529142,0.35333610176,1900000.00
238,4,3,2,0.61506529142,0.35333610176,2100000.00
205,4,4,4,0.61506529142,0.35333610176,2500000.00
118,3,2,1,0.61506529142,0.35333610176,1150000.00
205,4,4,4,0.61506529142,0.35333610176,2500000.00
238,4,3,2,0.61506529142,0.35333610176,1980000.00
73,2,1,2,0.61506529142,0.35333610176,850000.00
325,4,6,4,0.61506529142,0.35333610176,5700000.00
325,4,6,4,0.61506529142,0.35333610176,6310000.00
238,4,3,2,0.61506529142,0.35333610176,1980000.00
127,4,2,3,0.61506529142,0.35333610176,1550000.00
73,2,0,2,0.61506529142,0.35333610176,950000.00
70,2,1,2,0.61506529142,0.35333610176,600000.00
120,4,3,3,0.61506529142,0.35333610176,1490000.00
70,2,2,2,0.61506529142,0.35333610176,1100000.00
74,2,2,2,0.61506529142,0.35333610176,1100000.00
74,2,2,2,0.61506529142,0.35333610176,950000.00
120,3,2,1,0.61506529142,0.35333610176,970000.00
316,4,5,4,0.61607017619,0.36477520125,6950000.00
79,3,2,1,0.61607017619,0.36477520125,900000.00
205,3,3,3,0.61607017619,0.36477520125,2550000.00
181,3,3,2,0.61607017619,0.36477520125,1850000.00
279,4,5,4,0.61607017619,0.36477520125,3200000.00
127,3,2,1,0.61607017619,0.36477520125,1400000.00
156,4,2,2,0.61607017619,0.36477520125,2500000.00
250,4,5,4,0.61607017619,0.36477520125,3330000.00
130,2,1,1,0.61607017619,0.36477520125,1042500.00
159,3,2,1,0.61607017619,0.36477520125,1700000.00
210,3,3,3,0.61607017619,0.36477520125,1900000.00
156,3,2,2,0.61607017619,0.36477520125,2250000.00
155,4,2,2,0.61607017619,0.36477520125,2500000.00
156,4,2,2,0.61607017619,0.36477520125,2500000.00
130,3,2,2,0.61607017619,0.36477520125,1850000.00
186,3,3,2,0.61607017619,0.36477520125,1700000.00
262,3,4,2,0.61607017619,0.36477520125,2500000.00
196,3,3,3,0.61607017619,0.36477520125,2550000.00
157,3,2,3,0.61607017619,0.36477520125,2100000.00
182,4,3,2,0.61607017619,0.36477520125,2450000.00
316,4,5,4,0.61607017619,0.36477520125,5300000.00
226,3,3,3,0.61607017619,0.36477520125,1900000.00
196,3,3,3,0.61607017619,0.36477520125,2850000.00
174,2,3,2,0.61612741841,0.33459251968,1650000.00
92,3,2,1,0.61612741841,0.33459251968,1250000.00
100,2,2,1,0.61612741841,0.33459251968,1300000.00
100,3,2,2,0.61612741841,0.33459251968,1250000.00
95,3,2,1,0.61612741841,0.33459251968,1300000.00
172,4,4,3,0.61612741841,0.33459251968,2793000.00
172,4,3,2,0.61612741841,0.33459251968,2649000.00
67,2,1,0,0.61612741841,0.33459251968,710000.00
87,2,2,1,0.61612741841,0.33459251968,900000.00
80,2,1,0,0.61612741841,0.33459251968,640000.00
77,2,2,1,0.61612741841,0.33459251968,750000.00
95,3,2,1,0.61612741841,0.33459251968,950000.00
172,4,3,3,0.61612741841,0.33459251968,2677000.00
196,4,3,3,0.61612741841,0.33459251968,1800000.00
97,3,2,1,0.61612741841,0.33459251968,1050000.00
172,4,3,3,0.61612741841,0.33459251968,2677000.00
95,3,2,1,0.61612741841,0.33459251968,1050000.00
92,3,2,1,0.61612741841,0.33459251968,1250000.00
96,3,2,1,0.61612741841,0.33459251968,1050000.00
100,3,2,1,0.61612741841,0.33459251968,1100000.00
180,3,3,2,0.61612741841,0.33459251968,1650000.00
172,2,3,2,0.61612741841,0.33459251968,1650000.00
70,2,1,0,0.61612741841,0.33459251968,680000.00
95,3,2,1,0.61612741841,0.33459251968,972000.00
165,3,3,3,0.61612741841,0.33459251968,1770000.00
138,2,2,1,0.61612741841,0.33459251968,1600000.00
100,3,2,1,0.61612741841,0.33459251968,1060000.00
150,4,3,2,0.61612741841,0.33459251968,1600000.00
100,3,2,1,0.61612741841,0.33459251968,1100000.00
180,2,3,2,0.61612741841,0.33459251968,1650000.00
174,2,3,2,0.61612741841,0.33459251968,1650000.00
138,2,2,1,0.61612741841,0.33459251968,1600000.00
172,4,3,3,0.61612741841,0.33459251968,2677000.00
190,3,3,2,0.61612741841,0.33459251968,1550000.00
150,4,3,3,0.61612741841,0.33459251968,1400000.00
98,3,2,1,0.61612741841,0.33459251968,1190000.00
172,3,3,1,0.61612741841,0.33459251968,2210000.00
138,2,2,1,0.61612741841,0.33459251968,1600000.00
174,2,3,2,0.61612741841,0.33459251968,1650000.00
96,3,2,2,0.61612741841,0.33459251968,1250000.00
96,3,2,1,0.61612741841,0.33459251968,978000.00
150,3,3,3,0.61612741841,0.33459251968,1550000.00
172,3,3,2,0.61612741841,0.33459251968,1800000.00
102,3,2,1,0.61780723953,0.36541395253,1190000.00
54,1,1,0,0.61780723953,0.36541395253,424000.00
58,1,1,1,0.61780723953,0.36541395253,465000.00
52,1,1,1,0.61780723953,0.36541395253,680000.00
86,1,1,1,0.61780723953,0.36541395253,1059000.00
120,4,2,1,0.61780723953,0.36541395253,1220000.00
100,3,1,1,0.61780723953,0.36541395253,800000.00
100,2,2,1,0.61780723953,0.36541395253,1200000.00
120,3,2,1,0.61780723953,0.36541395253,1100000.00
120,4,2,2,0.61780723953,0.36541395253,1277000.00
30,1,1,1,0.61780723953,0.36541395253,430000.00
51,1,1,0,0.61780723953,0.36541395253,430000.00
87,3,2,1,0.61780723953,0.36541395253,900000.00
31,1,1,1,0.61780723953,0.36541395253,400000.00
82,2,0,0,0.61780723953,0.36541395253,550000.00
121,4,2,1,0.61780723953,0.36541395253,1277000.00
70,1,1,1,0.61780723953,0.36541395253,673000.00
72,2,2,1,0.61780723953,0.36541395253,990000.00
52,1,1,1,0.61780723953,0.36541395253,540000.00
97,1,1,1,0.61780723953,0.36541395253,900000.00
52,1,1,1,0.61780723953,0.36541395253,600000.00
63,2,1,0,0.61795303069,0.34643928192,630000.00
149,3,2,1,0.61795303069,0.34643928192,1580000.00
181,4,3,3,0.61795303069,0.34643928192,2950000.00
62,2,1,0,0.61795303069,0.34643928192,647000.00
180,4,3,2,0.61795303069,0.34643928192,2280000.00
181,4,3,2,0.61795303069,0.34643928192,2280000.00
143,3,3,3,0.61795303069,0.34643928192,1800000.00
128,2,1,0,0.61795303069,0.34643928192,1200000.00
143,4,2,2,0.61795303069,0.34643928192,1860000.00
373,3,4,3,0.61795303069,0.34643928192,4990000.00
40,1,1,0,0.61795303069,0.34643928192,450000.00
143,4,2,1,0.61795303069,0.34643928192,1280000.00
454,3,4,3,0.61795303069,0.34643928192,6382000.00
62,2,1,0,0.61795303069,0.34643928192,689000.00
115,2,1,0,0.61795303069,0.34643928192,850000.00
60,1,1,1,0.61795303069,0.34643928192,548952.00
145,4,2,1,0.61795303069,0.34643928192,1330000.00
181,3,3,3,0.61795303069,0.34643928192,2950000.00
181,4,3,3,0.61795303069,0.34643928192,2300000.00
211,4,3,2,0.61795303069,0.34643928192,2680000.00
286,3,3,3,0.61795303069,0.34643928192,3900000.00
80,3,1,0,0.61795303069,0.34643928192,800000.00
198,4,3,3,0.61795303069,0.34643928192,2000000.00
142,4,1,1,0.61795303069,0.34643928192,1380000.00
306,4,5,3,0.61795303069,0.34643928192,5010000.00
143,2,2,2,0.61795303069,0.34643928192,1890000.00
200,4,3,3,0.61795303069,0.34643928192,1850000.00
40,1,1,0,0.61795303069,0.34643928192,440000.00
63,2,1,0,0.61795303069,0.34643928192,677000.00
150,2,1,0,0.61795303069,0.34643928192,1200000.00
182,3,3,3,0.61795303069,0.34643928192,3500000.00
145,3,2,3,0.61795303069,0.34643928192,1850000.00
98,3,2,3,0.61850197278,0.34547691982,1170000.00
30,1,1,0,0.61850197278,0.34547691982,480000.00
42,1,1,1,0.61850197278,0.34547691982,740000.00
175,3,2,3,0.61850197278,0.34547691982,1680000.00
45,1,1,0,0.61850197278,0.34547691982,500000.00
172,4,2,2,0.61850197278,0.34547691982,1400000.00
306,3,5,3,0.61850197278,0.34547691982,5000000.00
172,4,2,3,0.61850197278,0.34547691982,1680000.00
187,3,3,3,0.61850197278,0.34547691982,1650000.00
25,1,1,1,0.61850197278,0.34547691982,490000.00
98,3,2,2,0.61850197278,0.34547691982,1150000.00
93,3,2,3,0.61850197278,0.34547691982,1050000.00
230,3,3,1,0.61850197278,0.34547691982,2180000.00
175,3,2,3,0.61850197278,0.34547691982,1680000.00
98,3,2,3,0.61850197278,0.34547691982,1170000.00
306,4,5,2,0.61850197278,0.34547691982,2200000.00
172,4,2,3,0.61850197278,0.34547691982,1670000.00
306,3,5,3,0.61850197278,0.34547691982,5010000.00
187,3,3,3,0.61850197278,0.34547691982,2200000.00
65,2,2,0,0.61850197278,0.34547691982,665000.00
145,3,2,1,0.61899812313,0.33704653220,1390000.00
57,2,1,0,0.61899812313,0.33704653220,530000.00
150,3,2,1,0.61899812313,0.33704653220,1330000.00
180,3,2,1,0.61899812313,0.33704653220,1850000.00
49,2,1,0,0.61899812313,0.33704653220,530000.00
190,3,2,1,0.61899812313,0.33704653220,1400000.00
300,3,4,3,0.61899812313,0.33704653220,2800000.00
148,3,3,3,0.61899812313,0.33704653220,1300000.00
145,3,2,1,0.61899812313,0.33704653220,1325000.00
86,2,1,0,0.61899812313,0.33704653220,700000.00
145,3,2,1,0.61899812313,0.33704653220,1300000.00
100,3,2,1,0.61899812313,0.33704653220,830000.00
104,3,2,1,0.61899812313,0.33704653220,1060000.00
108,3,2,1,0.61899812313,0.33704653220,1130000.00
40,1,1,0,0.61899812313,0.33704653220,440000.00
50,2,1,0,0.61899812313,0.33704653220,725000.00
65,2,1,0,0.61899812313,0.33704653220,650000.00
50,2,1,0,0.61899812313,0.33704653220,530000.00
50,2,1,0,0.61899812313,0.33704653220,530000.00
145,4,2,1,0.61899812313,0.33704653220,1325000.00
180,3,2,1,0.61899812313,0.33704653220,1850000.00
148,3,3,3,0.61899812313,0.33704653220,1300000.00
50,2,1,0,0.61899812313,0.33704653220,690000.00
147,2,3,2,0.61899812313,0.33704653220,1500000.00
90,2,1,1,0.61899812313,0.33704653220,830000.00
201,4,3,2,0.61899812313,0.33704653220,1950000.00
160,3,3,3,0.61899812313,0.33704653220,1300000.00
204,4,3,3,0.61899812313,0.33704653220,2180000.00
160,4,3,3,0.61899812313,0.33704653220,1300000.00
90,3,0,1,0.61899812313,0.33704653220,830000.00
68,2,1,1,0.61957775810,0.36609896497,850000.00
67,2,2,0,0.61957775810,0.36609896497,850000.00
70,2,2,1,0.61957775810,0.36609896497,950000.00
202,3,3,3,0.61957775810,0.36609896497,2000000.00
105,3,1,1,0.61957775810,0.36609896497,900000.00
98,3,1,1,0.61957775810,0.36609896497,790000.00
75,3,1,0,0.61957775810,0.36609896497,698000.00
304,3,3,3,0.61957775810,0.36609896497,2950000.00
306,4,5,4,0.61957775810,0.36609896497,5600000.00
85,3,2,1,0.61957775810,0.36609896497,750000.00
90,3,2,1,0.61957775810,0.36609896497,760000.00
203,3,3,3,0.61957775810,0.36609896497,1900000.00
80,2,2,1,0.61957775810,0.36609896497,999000.00
98,3,1,1,0.61957775810,0.36609896497,790000.00
211,3,4,2,0.61957775810,0.36609896497,2150000.00
302,3,3,3,0.61957775810,0.36609896497,2960000.00
65,2,1,0,0.61957775810,0.36609896497,950000.00
105,3,1,1,0.61957775810,0.36609896497,849000.00
90,3,2,1,0.61957775810,0.36609896497,798000.00
306,4,5,4,0.61957775810,0.36609896497,6350000.00
202,4,3,2,0.61957775810,0.36609896497,2000000.00
306,3,5,3,0.61957775810,0.36609896497,6000000.00
86,3,2,1,0.61957775810,0.36609896497,750000.00
306,4,5,4,0.61957775810,0.36609896497,6350000.00
105,3,1,1,0.61957775810,0.36609896497,900000.00
75,2,1,0,0.61957775810,0.36609896497,750000.00
310,4,4,3,0.61957775810,0.36609896497,2230000.00
306,4,5,4,0.61957775810,0.36609896497,6350000.00
65,2,1,0,0.61957775810,0.36609896497,950000.00
270,4,4,3,0.61957775810,0.36609896497,2341000.00
75,2,2,1,0.61957775810,0.36609896497,1060000.00
90,3,2,1,0.61957775810,0.36609896497,740000.00
110,3,1,1,0.61957775810,0.36609896497,795000.00
180,3,2,1,0.61957775810,0.36609896497,1400000.00
305,4,5,4,0.61957775810,0.36609896497,6350000.00
203,4,3,3,0.61957775810,0.36609896497,2000000.00
306,4,5,4,0.61957775810,0.36609896497,5620000.00
151,4,3,3,0.61957775810,0.36609896497,1650000.00
70,2,2,0,0.61957775810,0.36609896497,1120000.00
200,3,3,3,0.61957775810,0.36609896497,2000000.00
151,2,3,2,0.61957775810,0.36609896497,1480000.00
75,2,1,0,0.61957775810,0.36609896497,695000.00
70,2,1,1,0.61957775810,0.36609896497,950000.00
100,3,1,1,0.61957775810,0.36609896497,660000.00
70,2,1,0,0.61957775810,0.36609896497,1000000.00
304,4,3,3,0.61957775810,0.36609896497,2900000.00
105,3,1,1,0.61957775810,0.36609896497,930000.00
306,4,5,4,0.61957775810,0.36609896497,6648170.00
73,2,1,1,0.61957775810,0.36609896497,675000.00
151,4,3,3,0.61957775810,0.36609896497,1600000.00
90,3,1,1,0.61957775810,0.36609896497,650000.00
306,4,5,4,0.61957775810,0.36609896497,6350000.00
151,3,3,3,0.61957775810,0.36609896497,1498000.00
304,4,3,3,0.61957775810,0.36609896497,3000000.00
306,4,5,4,0.61957775810,0.36609896497,6347000.00
304,3,3,3,0.61957775810,0.36609896497,2950000.00
83,3,2,1,0.61957775810,0.36609896497,750000.00
115,3,1,1,0.61957775810,0.36609896497,880000.00
150,3,3,3,0.61957775810,0.36609896497,1500000.00
70,2,2,1,0.61957775810,0.36609896497,950000.00
202,4,3,4,0.61957775810,0.36609896497,2400000.00
85,3,1,1,0.61957775810,0.36609896497,850000.00
300,3,3,3,0.61957775810,0.36609896497,2790000.00
293,3,3,3,0.61957775810,0.36609896497,2650000.00
151,4,3,3,0.61957775810,0.36609896497,1630000.00
65,2,1,1,0.61957775810,0.36609896497,950000.00
110,3,1,1,0.61957775810,0.36609896497,900000.00
151,3,3,3,0.61957775810,0.36609896497,1530000.00
85,3,2,1,0.61957775810,0.36609896497,800000.00
304,3,3,3,0.61957775810,0.36609896497,2950000.00
65,2,1,0,0.61957775810,0.36609896497,950000.00
105,3,1,1,0.61957775810,0.36609896497,900000.00
85,3,2,1,0.61957775810,0.36609896497,750000.00
150,3,2,3,0.61957775810,0.36609896497,1380000.00
306,3,5,3,0.61957775810,0.36609896497,6500000.00
233,4,4,4,0.61979629138,0.34133035756,1850000.00
70,2,1,2,0.61979629138,0.34133035756,700000.00
70,2,1,2,0.61979629138,0.34133035756,650000.00
69,2,1,2,0.61979629138,0.34133035756,705000.00
239,4,4,4,0.61979629138,0.34133035756,1800000.00
76,2,1,0,0.61979629138,0.34133035756,710000.00
145,3,2,3,0.61979629138,0.34133035756,2100000.00
235,4,4,4,0.61979629138,0.34133035756,1800000.00
125,4,2,3,0.61979629138,0.34133035756,1300000.00
234,3,3,3,0.61979629138,0.34133035756,3290000.00
140,3,3,3,0.61979629138,0.34133035756,2050000.00
156,3,2,3,0.61979629138,0.34133035756,1600000.00
178,4,2,2,0.61979629138,0.34133035756,1780000.00
70,2,1,2,0.61979629138,0.34133035756,675000.00
67,2,2,1,0.61979629138,0.34133035756,1000000.00
83,2,1,1,0.61979629138,0.34133035756,700000.00
42,1,1,0,0.61979629138,0.34133035756,380000.00
77,2,0,2,0.61979629138,0.34133035756,1380940.00
220,4,3,2,0.61979629138,0.34133035756,2400000.00
105,3,2,1,0.61979629138,0.34133035756,1250000.00
42,1,0,0,0.61979629138,0.34133035756,340000.00
140,3,3,3,0.61979629138,0.34133035756,2100000.00
178,4,2,2,0.61979629138,0.34133035756,1780000.00
140,3,3,3,0.61979629138,0.34133035756,2000000.00
180,3,2,3,0.61979629138,0.34133035756,1900000.00
77,2,2,2,0.61979629138,0.34133035756,948594.00
77,2,2,2,0.61979629138,0.34133035756,992783.00
93,3,2,1,0.61979629138,0.34133035756,935000.00
200,4,3,3,0.61979629138,0.34133035756,2250000.00
70,2,1,1,0.61979629138,0.34133035756,680000.00
70,2,1,2,0.61979629138,0.34133035756,643000.00
75,2,1,0,0.61979629138,0.34133035756,720000.00
177,3,3,3,0.61979629138,0.34133035756,2400000.00
70,2,1,0,0.61979629138,0.34133035756,720000.00
70,2,1,2,0.61979629138,0.34133035756,725000.00
235,4,4,4,0.61979629138,0.34133035756,1800000.00
180,4,2,1,0.61979629138,0.34133035756,1700000.00
70,2,1,1,0.61979629138,0.34133035756,700000.00
220,4,3,2,0.61979629138,0.34133035756,2500000.00
70,2,1,2,0.61979629138,0.34133035756,680000.00
235,4,4,4,0.61979629138,0.34133035756,2000000.00
140,3,3,3,0.61979629138,0.34133035756,2050000.00
70,2,1,2,0.61979629138,0.34133035756,680000.00
92,3,1,1,0.61979629138,0.34133035756,1060000.00
159,3,3,1,0.61979629138,0.34133035756,1500000.00
160,3,3,1,0.61979629138,0.34133035756,1590000.00
177,3,2,3,0.61979629138,0.34133035756,1900000.00
81,2,1,0,0.61979629138,0.34133035756,750000.00
78,2,2,2,0.61979629138,0.34133035756,970000.00
87,3,2,1,0.61979629138,0.34133035756,930000.00
140,3,3,3,0.61979629138,0.34133035756,2100000.00
236,4,4,4,0.61979629138,0.34133035756,2150000.00
77,2,2,2,0.61979629138,0.34133035756,967070.00
72,2,1,2,0.61979629138,0.34133035756,670000.00
42,1,0,0,0.61979629138,0.34133035756,430000.00
41,1,1,0,0.61979629138,0.34133035756,430000.00
234,4,4,4,0.61979629138,0.34133035756,1850000.00
250,4,4,4,0.61979629138,0.34133035756,1920000.00
267,2,4,2,0.61979629138,0.34133035756,4200000.00
220,4,3,3,0.61979629138,0.34133035756,2250000.00
178,4,2,2,0.61979629138,0.34133035756,1780000.00
287,4,4,3,0.61979629138,0.34133035756,3800000.00
75,2,1,0,0.62021647686,0.33863265959,700000.00
41,1,1,1,0.62021647686,0.33863265959,550000.00
170,4,2,2,0.62021647686,0.33863265959,1490000.00
107,3,1,1,0.62021647686,0.33863265959,850000.00
218,4,3,3,0.62021647686,0.33863265959,2150000.00
320,5,2,4,0.62021647686,0.33863265959,1800000.00
113,3,1,1,0.62021647686,0.33863265959,1060000.00
200,4,3,4,0.62021647686,0.33863265959,2200000.00
198,4,3,4,0.62021647686,0.33863265959,2400000.00
160,4,2,2,0.62021647686,0.33863265959,1500000.00
500,4,4,4,0.62021647686,0.33863265959,3600000.00
41,1,1,0,0.62021647686,0.33863265959,450000.00
143,4,3,4,0.62021647686,0.33863265959,1700000.00
250,4,3,4,0.62021647686,0.33863265959,2400000.00
260,4,3,4,0.62021647686,0.33863265959,2800000.00
73,2,1,0,0.62021647686,0.33863265959,695000.00
143,4,3,4,0.62021647686,0.33863265959,1700000.00
143,4,3,4,0.62021647686,0.33863265959,1700000.00
52,1,1,0,0.62021647686,0.33863265959,490000.00
76,2,1,0,0.62021647686,0.33863265959,730000.00
52,1,1,0,0.62021647686,0.33863265959,490000.00
72,2,1,0,0.62021647686,0.33863265959,500000.00
213,4,2,3,0.62021647686,0.33863265959,1249000.00
205,3,2,1,0.62021647686,0.33863265959,1800000.00
277,4,3,4,0.62021647686,0.33863265959,2750000.00
93,2,1,2,0.62021647686,0.33863265959,850000.00
158,4,2,2,0.62021647686,0.33863265959,1490000.00
144,4,3,4,0.62021647686,0.33863265959,1600000.00
158,4,2,2,0.62021647686,0.33863265959,1180000.00
320,3,3,3,0.62021647686,0.33863265959,1800000.00
52,1,1,0,0.62021647686,0.33863265959,510000.00
90,3,1,1,0.62021647686,0.33863265959,1000000.00
143,3,3,1,0.62021647686,0.33863265959,1600000.00
140,4,2,1,0.62021647686,0.33863265959,1300000.00
150,4,3,4,0.62021647686,0.33863265959,1700000.00
220,4,3,4,0.62021647686,0.33863265959,2450000.00
115,3,1,1,0.62021647686,0.33863265959,1080000.00
277,4,3,4,0.62021647686,0.33863265959,2770000.00
42,1,1,0,0.62021647686,0.33863265959,550000.00
113,3,1,1,0.62021647686,0.33863265959,1060000.00
147,4,2,0,0.62021647686,0.33863265959,1400000.00
78,2,1,0,0.62021647686,0.33863265959,750000.00
218,4,3,4,0.62021647686,0.33863265959,2400000.00
320,5,3,4,0.62021647686,0.33863265959,1800000.00
250,4,3,4,0.62021647686,0.33863265959,2400000.00
143,4,3,4,0.62021647686,0.33863265959,1710000.00
260,4,3,4,0.62021647686,0.33863265959,2766000.00
205,3,2,1,0.62021647686,0.33863265959,1600000.00
113,3,1,1,0.62021647686,0.33863265959,980000.00
146,4,3,4,0.62021647686,0.33863265959,1700000.00
198,3,3,3,0.62021647686,0.33863265959,2300000.00
145,3,1,1,0.62021647686,0.33863265959,1300000.00
43,1,1,0,0.62021647686,0.33863265959,430000.00
300,3,2,1,0.62021647686,0.33863265959,2800000.00
198,4,3,4,0.62021647686,0.33863265959,1990000.00
319,5,3,4,0.62021647686,0.33863265959,1800000.00
260,4,3,4,0.62021647686,0.33863265959,2400000.00
170,4,2,2,0.62021647686,0.33863265959,1600000.00
160,4,2,2,0.62021647686,0.33863265959,1500000.00
250,4,3,4,0.62021647686,0.33863265959,2400000.00
111,3,2,1,0.62101357086,0.34475867755,1100000.00
75,2,1,0,0.62101357086,0.34475867755,636000.00
220,3,3,2,0.62101357086,0.34475867755,1650000.00
219,3,3,2,0.62101357086,0.34475867755,1650000.00
110,3,1,1,0.62101357086,0.34475867755,1170000.00
320,4,3,4,0.62101357086,0.34475867755,3300000.00
205,4,4,3,0.62101357086,0.34475867755,2900000.00
210,3,3,3,0.62101357086,0.34475867755,2400000.00
120,3,2,2,0.62101357086,0.34475867755,1280000.00
110,3,2,1,0.62101357086,0.34475867755,1200000.00
153,4,2,2,0.62101357086,0.34475867755,1270000.00
110,3,2,1,0.62101357086,0.34475867755,1100000.00
109,2,2,1,0.62101357086,0.34475867755,1249000.00
95,3,1,1,0.62101357086,0.34475867755,765000.00
272,3,3,2,0.62101357086,0.34475867755,1800000.00
110,3,1,1,0.62101357086,0.34475867755,1100000.00
120,3,2,2,0.62101357086,0.34475867755,1200000.00
87,2,1,0,0.62101357086,0.34475867755,880000.00
100,3,2,1,0.62101357086,0.34475867755,1550000.00
110,3,2,1,0.62101357086,0.34475867755,1170000.00
120,3,2,2,0.62101357086,0.34475867755,1280000.00
215,2,2,2,0.62101357086,0.34475867755,1900000.00
110,3,2,1,0.62101357086,0.34475867755,1100000.00
110,3,2,1,0.62101357086,0.34475867755,1250000.00
109,2,2,1,0.62101357086,0.34475867755,1249000.00
315,4,3,4,0.62101357086,0.34475867755,3300000.00
137,3,2,3,0.62101357086,0.34475867755,1650000.00
124,3,2,1,0.62101357086,0.34475867755,1190000.00
98,3,2,1,0.62101357086,0.34475867755,1550000.00
120,3,2,2,0.62101357086,0.34475867755,1280000.00
111,3,2,2,0.62101357086,0.34475867755,1200000.00
112,2,2,1,0.62101357086,0.34475867755,1200000.00
213,3,2,2,0.62101357086,0.34475867755,1900000.00
115,3,2,1,0.62101357086,0.34475867755,1170000.00
111,3,2,2,0.62101357086,0.34475867755,1200000.00
220,3,3,2,0.62101357086,0.34475867755,1800000.00
165,3,3,3,0.62101357086,0.34475867755,2560000.00
165,3,3,3,0.62101357086,0.34475867755,2680000.00
220,3,3,2,0.62101357086,0.34475867755,1800000.00
77,2,1,0,0.62101357086,0.34475867755,615000.00
140,3,2,2,0.62101357086,0.34475867755,1700000.00
111,3,2,1,0.62101357086,0.34475867755,1100000.00
70,2,1,0,0.62101357086,0.34475867755,610000.00
123,2,2,1,0.62101357086,0.34475867755,1300000.00
120,3,2,1,0.62101357086,0.34475867755,1280000.00
98,3,2,1,0.62101357086,0.34475867755,1550000.00
320,4,3,4,0.62101357086,0.34475867755,3300000.00
120,3,2,2,0.62101357086,0.34475867755,1200000.00
133,3,2,3,0.62101357086,0.34475867755,1700000.00
219,3,3,2,0.62101357086,0.34475867755,1800000.00
315,4,3,4,0.62101357086,0.34475867755,3300000.00
110,2,2,1,0.62101357086,0.34475867755,1300000.00
110,3,2,1,0.62101357086,0.34475867755,1250000.00
110,3,2,1,0.62101357086,0.34475867755,1200000.00
400,4,5,4,0.62153918636,0.36650445584,7351671.00
400,4,5,4,0.62153918636,0.36650445584,8156459.00
400,4,5,4,0.62153918636,0.36650445584,8100000.00
213,4,4,2,0.62153918636,0.36650445584,2040000.00
400,4,5,4,0.62153918636,0.36650445584,6270000.00
400,4,5,4,0.62153918636,0.36650445584,6000000.00
620,4,5,4,0.62153918636,0.36650445584,6200000.00
155,3,4,3,0.62153918636,0.36650445584,2800000.00
620,4,5,4,0.62153918636,0.36650445584,6200000.00
400,4,5,4,0.62153918636,0.36650445584,6441030.00
400,4,5,4,0.62153918636,0.36650445584,7351670.00
400,4,5,4,0.62153918636,0.36650445584,6386363.00
620,4,5,4,0.62153918636,0.36650445584,5900000.00
400,4,5,4,0.62153918636,0.36650445584,8157460.00
250,4,3,3,0.62153918636,0.36650445584,2000000.00
370,4,5,4,0.62153918636,0.36650445584,7950000.00
400,4,5,4,0.62153918636,0.36650445584,8150000.00
400,4,5,4,0.62153918636,0.36650445584,7950000.00
400,4,5,4,0.62153918636,0.36650445584,7950000.00
80,2,0,0,0.62153918636,0.36650445584,615000.00
400,4,5,4,0.62153918636,0.36650445584,7314472.00
215,4,4,2,0.62153918636,0.36650445584,2000000.00
400,4,5,4,0.62153918636,0.36650445584,7500000.00
126,3,2,2,0.62153918636,0.36650445584,1150000.00
195,3,4,3,0.62153918636,0.36650445584,3298000.00
400,4,5,4,0.62153918636,0.36650445584,7950000.00
400,4,5,4,0.62153918636,0.36650445584,6350000.00
400,4,5,4,0.62153918636,0.36650445584,8157000.00
213,4,4,2,0.62153918636,0.36650445584,2000000.00
400,4,5,4,0.62153918636,0.36650445584,6320000.00
306,4,5,4,0.62153918636,0.36650445584,6300000.00
215,4,4,2,0.62153918636,0.36650445584,1790000.00
130,3,2,2,0.62153918636,0.36650445584,1170000.00
217,4,4,2,0.62153918636,0.36650445584,1790000.00
153,3,4,3,0.62153918636,0.36650445584,2800000.00
400,4,5,4,0.62153918636,0.36650445584,7351671.00
400,4,5,4,0.62153918636,0.36650445584,7500000.00
153,3,4,3,0.62153918636,0.36650445584,2750000.00
223,4,3,3,0.62153918636,0.36650445584,1620000.00
403,4,5,4,0.62153918636,0.36650445584,7768056.00
49,2,1,1,0.62257844716,0.33853644509,550000.00
65,2,1,1,0.62257844716,0.33853644509,620000.00
110,3,1,0,0.62257844716,0.33853644509,800000.00
87,3,1,0,0.62257844716,0.33853644509,895000.00
40,1,0,0,0.62257844716,0.33853644509,450000.00
169,4,2,3,0.62257844716,0.33853644509,1600000.00
110,3,1,0,0.62257844716,0.33853644509,890000.00
115,3,1,1,0.62257844716,0.33853644509,1100000.00
430,4,6,4,0.62257844716,0.33853644509,18000000.00
120,3,1,1,0.62257844716,0.33853644509,1152000.00
87,2,0,0,0.62257844716,0.33853644509,480000.00
142,3,2,1,0.62257844716,0.33853644509,1590000.00
524,4,7,4,0.62257844716,0.33853644509,18000000.00
76,2,0,0,0.62257844716,0.33853644509,500000.00
79,2,1,0,0.62257844716,0.33853644509,750000.00
200,4,2,2,0.62257844716,0.33853644509,1820000.00
58,2,0,0,0.62257844716,0.33853644509,500000.00
116,3,1,1,0.62257844716,0.33853644509,1110000.00
287,4,5,4,0.62257844716,0.33853644509,7780000.00
320,4,5,4,0.62257844716,0.33853644509,6000000.00
116,3,1,1,0.62257844716,0.33853644509,1096000.00
50,2,0,0,0.62257844716,0.33853644509,550000.00
120,3,1,1,0.62257844716,0.33853644509,905000.00
112,3,2,1,0.62257844716,0.33853644509,1080000.00
200,3,4,3,0.62257844716,0.33853644509,2500000.00
50,2,0,0,0.62257844716,0.33853644509,480000.00
20,2,1,1,0.62257844716,0.33853644509,583000.00
116,3,1,1,0.62257844716,0.33853644509,1152000.00
105,3,1,1,0.62257844716,0.33853644509,954000.00
120,2,1,0,0.62257844716,0.33853644509,950000.00
90,3,2,1,0.62257844716,0.33853644509,870000.00
90,3,1,0,0.62257844716,0.33853644509,800000.00
101,4,1,1,0.62257844716,0.33853644509,850000.00
114,3,2,1,0.62257844716,0.33853644509,980000.00
79,2,1,0,0.62257844716,0.33853644509,750000.00
112,3,1,1,0.62257844716,0.33853644509,1100000.00
50,2,1,1,0.62257844716,0.33853644509,600000.00
224,4,4,3,0.62257844716,0.33853644509,2380000.00
528,4,8,4,0.62257844716,0.33853644509,15000000.00
220,3,4,3,0.62257844716,0.33853644509,2900000.00
50,2,0,0,0.62257844716,0.33853644509,545000.00
100,4,1,1,0.62257844716,0.33853644509,850000.00
92,2,1,0,0.62257844716,0.33853644509,800000.00
528,4,8,4,0.62257844716,0.33853644509,15000000.00
115,3,1,1,0.62257844716,0.33853644509,950000.00
220,4,4,3,0.62257844716,0.33853644509,2150000.00
174,3,2,3,0.62257844716,0.33853644509,1800000.00
114,3,2,1,0.62257844716,0.33853644509,980000.00
287,4,5,4,0.62257844716,0.33853644509,7800000.00
48,2,0,0,0.62257844716,0.33853644509,400000.00
168,3,2,3,0.62257844716,0.33853644509,1600000.00
72,2,1,0,0.62257844716,0.33853644509,660000.00
112,3,2,1,0.62257844716,0.33853644509,1080000.00
200,3,4,3,0.62257844716,0.33853644509,2450000.00
115,3,2,1,0.62257844716,0.33853644509,1000000.00
87,3,1,0,0.62257844716,0.33853644509,800000.00
60,2,0,0,0.62257844716,0.33853644509,570000.00
115,3,2,1,0.62257844716,0.33853644509,1064000.00
116,3,1,1,0.62257844716,0.33853644509,1160000.00
107,3,1,1,0.62257844716,0.33853644509,850000.00
114,2,2,1,0.62257844716,0.33853644509,1000000.00
60,2,0,0,0.62323481432,0.33295709051,620000.00
310,4,4,4,0.62323481432,0.33295709051,4490000.00
268,4,3,4,0.62323481432,0.33295709051,2950000.00
113,3,2,1,0.62323481432,0.33295709051,1450000.00
147,4,2,1,0.62323481432,0.33295709051,1450000.00
134,3,2,1,0.62323481432,0.33295709051,1300000.00
90,3,2,1,0.62323481432,0.33295709051,1000000.00
214,4,4,2,0.62323481432,0.33295709051,2900000.00
98,2,1,1,0.62323481432,0.33295709051,1300000.00
208,4,2,2,0.62323481432,0.33295709051,1800000.00
60,2,1,0,0.62323481432,0.33295709051,690000.00
210,4,2,2,0.62323481432,0.33295709051,1800000.00
45,1,1,0,0.62323481432,0.33295709051,500000.00
165,4,4,2,0.62323481432,0.33295709051,2300000.00
93,3,2,1,0.62323481432,0.33295709051,1200000.00
405,4,5,2,0.62323481432,0.33295709051,2800000.00
161,3,4,3,0.62323481432,0.33295709051,2300000.00
500,4,5,2,0.62323481432,0.33295709051,3000000.00
159,3,3,3,0.62323481432,0.33295709051,1650000.00
148,4,3,2,0.62323481432,0.33295709051,1350000.00
599,4,5,2,0.62323481432,0.33295709051,2800000.00
159,4,3,2,0.62323481432,0.33295709051,1900000.00
92,3,1,1,0.62323481432,0.33295709051,1270000.00
98,3,1,1,0.62323481432,0.33295709051,850000.00
92,3,2,1,0.62323481432,0.33295709051,1450000.00
114,3,2,1,0.62323481432,0.33295709051,1450000.00
309,4,4,4,0.62323481432,0.33295709051,5500000.00
500,4,5,2,0.62323481432,0.33295709051,2800000.00
69,2,1,0,0.62323481432,0.33295709051,530000.00
165,4,3,3,0.62323481432,0.33295709051,1650000.00
260,3,2,1,0.62323481432,0.33295709051,1970000.00
128,3,1,1,0.62323481432,0.33295709051,950000.00
147,4,1,1,0.62323481432,0.33295709051,1440000.00
143,3,3,2,0.62323481432,0.33295709051,1390000.00
208,4,2,2,0.62323481432,0.33295709051,1800000.00
143,4,3,2,0.62323481432,0.33295709051,1390000.00
161,4,4,2,0.62323481432,0.33295709051,2300000.00
127,3,1,1,0.62323481432,0.33295709051,1450000.00
209,3,3,3,0.62323481432,0.33295709051,2400000.00
500,4,5,2,0.62323481432,0.33295709051,3000000.00
150,4,3,1,0.62323481432,0.33295709051,2000000.00
210,4,5,3,0.62323481432,0.33295709051,2200000.00
148,4,3,2,0.62323481432,0.33295709051,1350000.00
180,4,4,3,0.62323481432,0.33295709051,1890000.00
405,4,5,2,0.62323481432,0.33295709051,2400000.00
150,3,3,2,0.62323481432,0.33295709051,1390000.00
181,4,4,2,0.62323481432,0.33295709051,2500000.00
309,4,4,4,0.62323481432,0.33295709051,4900000.00
310,4,4,4,0.62323481432,0.33295709051,4800000.00
90,2,1,1,0.62323481432,0.33295709051,1200000.00
40,1,1,1,0.62323481432,0.33295709051,450000.00
210,4,3,2,0.62323481432,0.33295709051,2200000.00
260,3,2,1,0.62323481432,0.33295709051,1980000.00
147,4,2,1,0.62323481432,0.33295709051,1440000.00
115,4,2,1,0.62323481432,0.33295709051,1395000.00
65,2,1,0,0.62323481432,0.33295709051,740000.00
222,4,4,2,0.62323481432,0.33295709051,2700000.00
161,3,4,3,0.62323481432,0.33295709051,2150000.00
115,3,2,1,0.62323481432,0.33295709051,1450000.00
405,4,5,2,0.62323481432,0.33295709051,2800000.00
309,4,4,4,0.62323481432,0.33295709051,4500000.00
113,3,2,1,0.62323481432,0.33295709051,1400000.00
150,4,3,2,0.62323481432,0.33295709051,1388000.00
147,4,2,2,0.62323481432,0.33295709051,1450000.00
150,4,2,1,0.62323481432,0.33295709051,1700000.00
162,3,4,3,0.62323481432,0.33295709051,2200000.00
133,3,2,1,0.62323481432,0.33295709051,1280000.00
68,2,1,1,0.62323481432,0.33295709051,760000.00
62,2,1,1,0.62323481432,0.33295709051,650000.00
147,4,2,1,0.62323481432,0.33295709051,1460680.00
150,4,2,1,0.62323481432,0.33295709051,1680000.00
128,3,1,1,0.62323481432,0.33295709051,1365000.00
125,4,2,2,0.62323481432,0.33295709051,1300000.00
82,3,1,1,0.62336510558,0.34438228993,800000.00
180,3,3,3,0.62336510558,0.34438228993,2200000.00
200,3,3,3,0.62336510558,0.34438228993,2250000.00
195,3,3,3,0.62336510558,0.34438228993,2900000.00
220,4,2,1,0.62336510558,0.34438228993,2300000.00
88,3,1,1,0.62336510558,0.34438228993,722000.00
88,3,1,1,0.62336510558,0.34438228993,770000.00
127,3,2,1,0.62336510558,0.34438228993,1200000.00
125,3,1,1,0.62336510558,0.34438228993,1100000.00
57,2,1,1,0.62336510558,0.34438228993,680000.00
201,4,2,1,0.62336510558,0.34438228993,1950000.00
138,1,3,1,0.62336510558,0.34438228993,1750000.00
90,3,1,1,0.62336510558,0.34438228993,800000.00
127,3,2,1,0.62336510558,0.34438228993,1300000.00
330,3,4,2,0.62336510558,0.34438228993,4000000.00
110,3,1,2,0.62336510558,0.34438228993,950000.00
190,3,3,3,0.62336510558,0.34438228993,2900000.00
130,3,1,1,0.62336510558,0.34438228993,1100000.00
127,3,2,1,0.62336510558,0.34438228993,1166000.00
398,4,5,3,0.62336510558,0.34438228993,3400000.00
210,4,2,1,0.62336510558,0.34438228993,2300000.00
127,3,2,1,0.62336510558,0.34438228993,1220000.00
75,2,1,0,0.62336510558,0.34438228993,905000.00
314,3,4,3,0.62336510558,0.34438228993,4000000.00
201,4,2,1,0.62336510558,0.34438228993,2250000.00
200,4,2,1,0.62336510558,0.34438228993,2300000.00
311,3,4,3,0.62336510558,0.34438228993,4000000.00
89,3,1,1,0.62336510558,0.34438228993,770000.00
127,3,2,1,0.62336510558,0.34438228993,1200000.00
265,3,3,1,0.62336510558,0.34438228993,2650000.00
180,3,3,3,0.62336510558,0.34438228993,2200000.00
181,3,3,3,0.62336510558,0.34438228993,2250000.00
201,4,2,1,0.62336510558,0.34438228993,2500000.00
270,3,3,1,0.62336510558,0.34438228993,2750000.00
180,3,3,3,0.62336510558,0.34438228993,2900000.00
266,3,3,1,0.62336510558,0.34438228993,3000000.00
127,3,2,1,0.62336510558,0.34438228993,1200000.00
181,3,3,3,0.62336510558,0.34438228993,2900000.00
181,3,3,3,0.62336510558,0.34438228993,2200000.00
200,4,2,1,0.62336510558,0.34438228993,2200000.00
200,3,3,3,0.62336510558,0.34438228993,2500000.00
407,4,5,4,0.62387015686,0.34351114698,11990000.00
402,4,5,4,0.62387015686,0.34351114698,11000000.00
100,3,1,1,0.62387015686,0.34351114698,1115000.00
130,3,2,3,0.62387015686,0.34351114698,1330000.00
42,1,1,0,0.62387015686,0.34351114698,430000.00
140,3,2,1,0.62387015686,0.34351114698,1600000.00
199,4,2,2,0.62387015686,0.34351114698,1900000.00
130,3,2,3,0.62387015686,0.34351114698,1330000.00
140,3,2,1,0.62387015686,0.34351114698,1697000.00
202,4,2,2,0.62387015686,0.34351114698,1950000.00
172,3,3,3,0.62387015686,0.34351114698,3000000.00
138,3,2,3,0.62387015686,0.34351114698,1325000.00
192,4,3,3,0.62387015686,0.34351114698,2300000.00
140,3,2,1,0.62387015686,0.34351114698,1690000.00
171,2,3,2,0.62387015686,0.34351114698,2390000.00
201,4,2,2,0.62387015686,0.34351114698,1900000.00
717,4,8,4,0.62387015686,0.34351114698,25000000.00
192,4,3,3,0.62387015686,0.34351114698,1900000.00
172,2,3,2,0.62387015686,0.34351114698,2650000.00
135,3,2,1,0.62387015686,0.34351114698,1200000.00
75,2,1,0,0.62387015686,0.34351114698,650000.00
115,3,2,1,0.62387015686,0.34351114698,1070000.00
70,2,1,0,0.62387015686,0.34351114698,750000.00
145,3,2,1,0.62387015686,0.34351114698,1350000.00
200,4,2,2,0.62387015686,0.34351114698,2140000.00
200,3,2,3,0.62387015686,0.34351114698,2100000.00
82,3,0,0,0.62387015686,0.34351114698,900000.00
130,2,2,1,0.62387015686,0.34351114698,960000.00
144,4,2,2,0.62387015686,0.34351114698,1650000.00
150,2,2,1,0.62387015686,0.34351114698,1060000.00
160,2,3,2,0.62387015686,0.34351114698,1850000.00
50,1,1,0,0.62387015686,0.34351114698,530000.00
72,2,1,0,0.62387015686,0.34351114698,700000.00
699,3,8,3,0.62387015686,0.34351114698,27000000.00
97,3,2,1,0.62387015686,0.34351114698,1350000.00
97,3,1,1,0.62387015686,0.34351114698,1170000.00
192,4,3,2,0.62387015686,0.34351114698,2400000.00
468,5,6,5,0.62387015686,0.34351114698,10300000.00
226,4,4,4,0.62387015686,0.34351114698,4100000.00
468,5,6,5,0.62387015686,0.34351114698,12720000.00
160,2,3,1,0.62387015686,0.34351114698,1850000.00
407,4,5,4,0.62387015686,0.34351114698,12770000.00
100,2,1,2,0.62387015686,0.34351114698,800000.00
60,2,1,0,0.62387015686,0.34351114698,580000.00
310,4,5,4,0.62387015686,0.34351114698,5450000.00
171,2,3,2,0.62387015686,0.34351114698,2390000.00
200,3,4,3,0.62387015686,0.34351114698,2400000.00
181,2,3,2,0.62387015686,0.34351114698,2390000.00
407,4,5,4,0.62387015686,0.34351114698,12800000.00
137,3,2,3,0.62387015686,0.34351114698,1350000.00
131,3,1,1,0.62387015686,0.34351114698,1190000.00
171,3,3,3,0.62387015686,0.34351114698,2390000.00
121,3,2,1,0.62406797244,0.34692491534,1280000.00
134,1,2,1,0.62406797244,0.34692491534,1500000.00
122,3,2,1,0.62406797244,0.34692491534,1280000.00
133,1,2,1,0.62406797244,0.34692491534,1500000.00
121,3,2,1,0.62406797244,0.34692491534,1280000.00
130,3,2,1,0.62406797244,0.34692491534,1400000.00
130,3,2,1,0.62406797244,0.34692491534,1400000.00
135,1,2,1,0.62406797244,0.34692491534,1500000.00
130,3,2,1,0.62406797244,0.34692491534,1450000.00
125,3,2,1,0.62406797244,0.34692491534,1100000.00
122,3,2,1,0.62406797244,0.34692491534,1380000.00
135,2,2,1,0.62406797244,0.34692491534,1500000.00
202,4,2,2,0.62406797244,0.34692491534,2100000.00
127,3,2,1,0.62406797244,0.34692491534,1280000.00
70,2,1,0,0.62440298519,0.33772915555,719000.00
177,4,4,2,0.62440298519,0.33772915555,1950000.00
60,2,1,0,0.62440298519,0.33772915555,690000.00
70,2,1,0,0.62440298519,0.33772915555,719000.00
100,3,1,1,0.62440298519,0.33772915555,1000000.00
170,3,4,3,0.62440298519,0.33772915555,2100000.00
170,4,4,3,0.62440298519,0.33772915555,2100000.00
178,4,2,2,0.62440298519,0.33772915555,1590000.00
152,3,3,1,0.62440298519,0.33772915555,1700000.00
170,3,2,3,0.62440298519,0.33772915555,1800000.00
152,4,2,2,0.62440298519,0.33772915555,1590000.00
152,3,3,1,0.62440298519,0.33772915555,1700000.00
170,3,3,3,0.62440298519,0.33772915555,2190000.00
170,4,3,4,0.62440298519,0.33772915555,1600000.00
176,2,4,2,0.62440298519,0.33772915555,1950000.00
340,4,4,4,0.62440298519,0.33772915555,3490000.00
170,3,3,3,0.62440298519,0.33772915555,2290000.00
170,4,2,2,0.62440298519,0.33772915555,1800000.00
165,4,2,3,0.62440298519,0.33772915555,2100000.00
56,2,0,0,0.62440298519,0.33772915555,610000.00
157,3,2,1,0.62440298519,0.33772915555,1560000.00
60,2,1,1,0.62440298519,0.33772915555,636000.00
153,3,3,1,0.62440298519,0.33772915555,1700000.00
165,3,2,2,0.62440298519,0.33772915555,1800000.00
142,4,4,2,0.62440298519,0.33772915555,1950000.00
180,4,3,4,0.62440298519,0.33772915555,1890000.00
101,3,1,1,0.62440298519,0.33772915555,850000.00
142,3,3,3,0.62440298519,0.33772915555,2350000.00
231,3,4,3,0.62440298519,0.33772915555,3200000.00
70,2,1,0,0.62440298519,0.33772915555,719000.00
70,2,1,0,0.62440298519,0.33772915555,719000.00
56,2,1,0,0.62440298519,0.33772915555,640000.00
170,4,3,4,0.62440298519,0.33772915555,1600000.00
170,4,4,4,0.62440298519,0.33772915555,2100000.00
114,3,2,1,0.62440298519,0.33772915555,1100000.00
165,4,3,2,0.62440298519,0.33772915555,1980000.00
556,4,4,4,0.62440298519,0.33772915555,5950000.00
200,3,2,1,0.62440298519,0.33772915555,1780000.00
152,3,3,1,0.62440298519,0.33772915555,1700000.00
65,2,2,0,0.62440298519,0.33772915555,850000.00
177,4,4,2,0.62440298519,0.33772915555,1870000.00
56,2,1,0,0.62440298519,0.33772915555,630000.00
564,4,4,4,0.62440298519,0.33772915555,5300000.00
230,4,3,4,0.62440298519,0.33772915555,3700000.00
560,4,4,4,0.62440298519,0.33772915555,5950000.00
226,3,4,3,0.62440298519,0.33772915555,4260000.00
70,2,1,0,0.62440298519,0.33772915555,810000.00
170,4,4,4,0.62440298519,0.33772915555,2300000.00
170,4,4,4,0.62440298519,0.33772915555,2100000.00
80,2,1,0,0.62440298519,0.33772915555,795000.00
166,3,2,3,0.62440298519,0.33772915555,3200000.00
180,3,3,3,0.62440298519,0.33772915555,2190000.00
180,4,3,4,0.62440298519,0.33772915555,1500000.00
180,3,3,3,0.62440298519,0.33772915555,2240000.00
231,3,4,3,0.62440298519,0.33772915555,2600001.00
50,1,1,1,0.62440298519,0.33772915555,742000.00
70,2,1,0,0.62440298519,0.33772915555,850000.00
70,2,1,0,0.62440298519,0.33772915555,705000.00
120,2,2,0,0.62440298519,0.33772915555,1600000.00
70,2,0,0,0.62440298519,0.33772915555,700000.00
114,3,2,1,0.62440298519,0.33772915555,1100000.00
114,3,2,1,0.62440298519,0.33772915555,1200000.00
57,2,1,0,0.62440298519,0.33772915555,630000.00
65,2,1,1,0.62440298519,0.33772915555,750000.00
152,3,3,1,0.62440298519,0.33772915555,1700000.00
180,4,4,4,0.62440298519,0.33772915555,2100000.00
142,4,4,2,0.62440298519,0.33772915555,2075000.00
331,4,3,4,0.62440298519,0.33772915555,3500000.00
65,2,2,0,0.62440298519,0.33772915555,850000.00
231,3,4,3,0.62440298519,0.33772915555,2620000.00
152,3,3,1,0.62440298519,0.33772915555,1700000.00
120,3,2,1,0.62440298519,0.33772915555,1100000.00
56,2,1,0,0.62440298519,0.33772915555,635000.00
152,3,3,1,0.62440298519,0.33772915555,1750000.00
60,2,1,0,0.62440298519,0.33772915555,650000.00
177,4,4,2,0.62440298519,0.33772915555,2200000.00
220,4,3,3,0.62527190052,0.34858054304,2300000.00
140,2,2,1,0.62527190052,0.34858054304,1450000.00
140,3,2,1,0.62527190052,0.34858054304,1450000.00
367,4,5,4,0.62527190052,0.34858054304,6900000.00
209,4,3,3,0.62527190052,0.34858054304,2500000.00
214,3,3,3,0.62527190052,0.34858054304,2500000.00
367,4,5,4,0.62527190052,0.34858054304,7000000.00
80,3,0,1,0.62527190052,0.34858054304,900000.00
128,3,2,1,0.62527190052,0.34858054304,1350000.00
367,4,5,4,0.62527190052,0.34858054304,6900000.00
165,3,4,3,0.62527190052,0.34858054304,2600000.00
310,4,6,4,0.62527190052,0.34858054304,5700000.00
250,3,3,1,0.62527190052,0.34858054304,2500000.00
70,2,1,1,0.62527190052,0.34858054304,692000.00
78,2,1,0,0.62527190052,0.34858054304,720000.00
165,4,4,2,0.62527190052,0.34858054304,2600000.00
310,4,6,4,0.62527190052,0.34858054304,5900000.00
70,2,1,1,0.62527190052,0.34858054304,690000.00
367,4,5,4,0.62527190052,0.34858054304,7420000.00
209,3,3,3,0.62527190052,0.34858054304,2500000.00
130,3,1,2,0.62559647769,0.33291473876,990000.00
125,3,1,1,0.62559647769,0.33291473876,1060000.00
126,3,1,1,0.62559647769,0.33291473876,1150000.00
125,3,2,1,0.62559647769,0.33291473876,1160000.00
126,3,1,1,0.62559647769,0.33291473876,1050000.00
92,3,1,1,0.62559647769,0.33291473876,980000.00
125,3,1,1,0.62559647769,0.33291473876,1100000.00
84,2,0,0,0.62559647769,0.33291473876,744680.00
91,3,2,1,0.62559647769,0.33291473876,770000.00
130,3,2,1,0.62559647769,0.33291473876,1300000.00
126,3,1,1,0.62559647769,0.33291473876,1100000.00
167,4,2,1,0.62559647769,0.33291473876,1300000.00
127,3,1,1,0.62559647769,0.33291473876,980000.00
110,3,1,1,0.62559647769,0.33291473876,1100000.00
125,3,1,1,0.62559647769,0.33291473876,1010000.00
125,3,2,1,0.62559647769,0.33291473876,1340000.00
91,3,2,1,0.62559647769,0.33291473876,925000.00
126,3,1,1,0.62559647769,0.33291473876,1150000.00
125,3,2,1,0.62559647769,0.33291473876,1300000.00
158,4,2,4,0.62559647769,0.33291473876,1490000.00
125,2,1,0,0.62559647769,0.33291473876,960000.00
126,3,1,0,0.62559647769,0.33291473876,950000.00
126,3,1,1,0.62559647769,0.33291473876,1100000.00
127,3,2,1,0.62559647769,0.33291473876,1125000.00
126,3,1,1,0.62559647769,0.33291473876,1050000.00
32,1,1,1,0.62620465703,0.33371898766,374000.00
243,3,4,3,0.62620465703,0.33371898766,2790000.00
184,3,0,3,0.62620465703,0.33371898766,3353100.00
173,3,3,3,0.62620465703,0.33371898766,2950000.00
84,2,2,1,0.62620465703,0.33371898766,985000.00
94,3,2,1,0.62620465703,0.33371898766,1370000.00
160,2,2,2,0.62620465703,0.33371898766,2700000.00
142,3,2,3,0.62620465703,0.33371898766,1700000.00
173,4,3,3,0.62620465703,0.33371898766,2600000.00
142,3,2,2,0.62620465703,0.33371898766,1698000.00
142,4,2,2,0.62620465703,0.33371898766,1300000.00
187,4,3,2,0.62620465703,0.33371898766,2680000.00
143,4,2,2,0.62620465703,0.33371898766,1170000.00
240,3,3,3,0.62620465703,0.33371898766,2600000.00
80,2,2,1,0.62620465703,0.33371898766,982000.00
78,2,1,1,0.62620465703,0.33371898766,780000.00
159,3,2,1,0.62620465703,0.33371898766,3050000.00
173,4,3,3,0.62620465703,0.33371898766,3000000.00
32,1,1,0,0.62620465703,0.33371898766,399000.00
161,3,2,2,0.62620465703,0.33371898766,2180000.00
243,3,4,3,0.62620465703,0.33371898766,2800000.00
173,3,3,1,0.62620465703,0.33371898766,2580000.00
32,1,1,0,0.62620465703,0.33371898766,382000.00
260,3,4,3,0.62620465703,0.33371898766,3180000.00
248,3,4,3,0.62620465703,0.33371898766,2700000.00
142,3,2,3,0.62620465703,0.33371898766,1700000.00
173,4,3,0,0.62620465703,0.33371898766,2950000.00
129,3,0,1,0.62620465703,0.33371898766,1800000.00
160,3,0,1,0.62620465703,0.33371898766,2400000.00
49,1,1,0,0.62620465703,0.33371898766,415000.00
143,4,2,2,0.62620465703,0.33371898766,1300000.00
101,3,1,1,0.62620465703,0.33371898766,810000.00
184,4,3,2,0.62620465703,0.33371898766,2700000.00
220,3,4,3,0.62620465703,0.33371898766,3180000.00
243,4,4,3,0.62620465703,0.33371898766,2600000.00
110,3,2,1,0.62620465703,0.33371898766,1050000.00
143,3,2,3,0.62620465703,0.33371898766,1294000.00
143,3,2,3,0.62620465703,0.33371898766,1600000.00
173,3,3,3,0.62620465703,0.33371898766,3000000.00
160,2,2,2,0.62620465703,0.33371898766,2700000.00
98,3,2,1,0.62620465703,0.33371898766,1272000.00
246,3,4,3,0.62620465703,0.33371898766,3730000.00
246,3,4,3,0.62620465703,0.33371898766,3730000.00
221,4,3,3,0.62620465703,0.33371898766,2400000.00
143,3,2,3,0.62620465703,0.33371898766,1600000.00
46,1,1,0,0.62620465703,0.33371898766,350000.00
160,3,2,2,0.62620465703,0.33371898766,2700000.00
174,3,3,3,0.62620465703,0.33371898766,3000000.00
80,3,2,1,0.62620465703,0.33371898766,1030000.00
80,2,2,1,0.62620465703,0.33371898766,998000.00
217,4,4,4,0.62620465703,0.33371898766,2850000.00
109,3,2,1,0.62620465703,0.33371898766,980000.00
173,4,3,3,0.62620465703,0.33371898766,3000000.00
98,3,2,1,0.62620465703,0.33371898766,1250000.00
160,3,2,1,0.62620465703,0.33371898766,3032000.00
240,3,3,3,0.62620465703,0.33371898766,2600000.00
380,4,5,4,0.62620465703,0.33371898766,6600000.00
78,3,1,2,0.62620465703,0.33371898766,1000000.00
80,2,2,1,0.62620465703,0.33371898766,905000.00
143,3,2,3,0.62620465703,0.33371898766,1750000.00
246,3,4,3,0.62620465703,0.33371898766,4000000.00
98,3,2,0,0.62620465703,0.33371898766,1025000.00
32,1,1,0,0.62620465703,0.33371898766,383000.00
250,4,4,3,0.62620465703,0.33371898766,3800000.00
88,3,2,1,0.62620465703,0.33371898766,1300000.00
148,3,2,3,0.62620465703,0.33371898766,1400000.00
246,3,4,3,0.62620465703,0.33371898766,3990000.00
173,3,3,3,0.62620465703,0.33371898766,2950000.00
94,3,2,1,0.62620465703,0.33371898766,1375000.00
220,3,4,3,0.62620465703,0.33371898766,2850000.00
143,4,2,2,0.62620465703,0.33371898766,1149000.00
184,4,3,2,0.62620465703,0.33371898766,2750000.00
109,3,2,1,0.62620465703,0.33371898766,1050000.00
144,3,2,3,0.62620465703,0.33371898766,1800000.00
184,4,3,2,0.62620465703,0.33371898766,2750000.00
245,3,4,3,0.62620465703,0.33371898766,4250000.00
163,3,2,1,0.62620465703,0.33371898766,2500000.00
244,3,3,3,0.62647690284,0.35013604686,3150000.00
335,4,4,4,0.62647690284,0.35013604686,5600000.00
100,3,2,1,0.62647690284,0.35013604686,1200000.00
640,4,5,4,0.62647690284,0.35013604686,6200000.00
112,2,3,1,0.62647690284,0.35013604686,1280000.00
400,4,5,4,0.62647690284,0.35013604686,3750000.00
125,3,1,1,0.62647690284,0.35013604686,950000.00
360,4,4,4,0.62647690284,0.35013604686,3500000.00
400,4,5,4,0.62647690284,0.35013604686,3500000.00
90,3,2,1,0.62647690284,0.35013604686,850000.00
171,2,2,1,0.62647690284,0.35013604686,3300000.00
126,3,1,1,0.62647690284,0.35013604686,1000000.00
126,3,1,0,0.62647690284,0.35013604686,900000.00
126,3,1,1,0.62647690284,0.35013604686,990000.00
400,4,5,4,0.62647690284,0.35013604686,3750000.00
390,4,5,4,0.62647690284,0.35013604686,3725000.00
630,4,5,4,0.62647690284,0.35013604686,6500000.00
630,4,5,4,0.62647690284,0.35013604686,5700000.00
115,2,3,1,0.62647690284,0.35013604686,1280000.00
206,4,4,2,0.62647690284,0.35013604686,1850000.00
188,3,3,2,0.62647690284,0.35013604686,2000000.00
244,3,3,3,0.62647690284,0.35013604686,2300000.00
210,3,4,3,0.62647690284,0.35013604686,2500000.00
125,3,1,1,0.62647690284,0.35013604686,1060000.00
206,4,4,2,0.62647690284,0.35013604686,1950000.00
400,4,5,4,0.62647690284,0.35013604686,3500000.00
80,2,1,1,0.62647690284,0.35013604686,742000.00
335,4,4,4,0.62647690284,0.35013604686,6000000.00
100,3,2,1,0.62647690284,0.35013604686,1200000.00
335,4,4,4,0.62647690284,0.35013604686,5500000.00
100,3,2,1,0.62647690284,0.35013604686,1200000.00
206,4,4,4,0.62647690284,0.35013604686,1950000.00
111,2,3,1,0.62647690284,0.35013604686,1300000.00
100,3,2,1,0.62647690284,0.35013604686,1200000.00
400,4,5,4,0.62647690284,0.35013604686,3750000.00
400,4,5,4,0.62647690284,0.35013604686,3500000.00
206,4,4,2,0.62647690284,0.35013604686,2000000.00
206,4,4,2,0.62647690284,0.35013604686,1960000.00
250,3,4,3,0.62647690284,0.35013604686,2900000.00
188,4,3,0,0.62647690284,0.35013604686,2000000.00
240,4,4,3,0.62647690284,0.35013604686,2000000.00
530,4,4,4,0.62647690284,0.35013604686,6090000.00
630,4,5,4,0.62647690284,0.35013604686,6000000.00
89,3,2,1,0.62647690284,0.35013604686,950000.00
390,4,5,4,0.62647690284,0.35013604686,3750000.00
115,4,3,1,0.62647690284,0.35013604686,1280000.00
365,4,5,4,0.62647690284,0.35013604686,3500000.00
640,4,5,4,0.62647690284,0.35013604686,5000000.00
96,3,1,0,0.62656100132,0.35758973793,800000.00
92,2,1,1,0.62656100132,0.35758973793,850000.00
97,2,1,0,0.62656100132,0.35758973793,990000.00
97,2,1,1,0.62656100132,0.35758973793,1010000.00
99,2,1,0,0.62656100132,0.35758973793,839800.00
92,2,1,0,0.62656100132,0.35758973793,960000.00
98,2,1,1,0.62656100132,0.35758973793,1050000.00
330,4,6,4,0.62656100132,0.35758973793,5000000.00
94,2,1,1,0.62656100132,0.35758973793,950000.00
97,3,1,0,0.62656100132,0.35758973793,800000.00
313,4,6,4,0.62656100132,0.35758973793,5000000.00
97,3,1,1,0.62656100132,0.35758973793,830000.00
98,2,1,0,0.62656100132,0.35758973793,840000.00
97,2,1,1,0.62656100132,0.35758973793,1050000.00
97,3,1,0,0.62656100132,0.35758973793,1100000.00
98,2,1,1,0.62656100132,0.35758973793,1050000.00
253,4,3,3,0.62656100132,0.35758973793,2800000.00
162,3,3,3,0.62704686956,0.35293169683,1600000.00
370,4,5,2,0.62704686956,0.35293169683,4780000.00
162,3,3,3,0.62704686956,0.35293169683,1800000.00
260,4,3,2,0.62704686956,0.35293169683,2850000.00
162,3,3,3,0.62704686956,0.35293169683,1800000.00
480,4,6,4,0.62704686956,0.35293169683,5300000.00
220,3,4,3,0.62704686956,0.35293169683,2400000.00
240,4,3,3,0.62704686956,0.35293169683,2550000.00
162,4,3,3,0.62704686956,0.35293169683,1800000.00
242,3,4,3,0.62704686956,0.35293169683,3200000.00
240,4,3,2,0.62704686956,0.35293169683,1800000.00
260,4,3,3,0.62704686956,0.35293169683,2850000.00
420,4,6,4,0.62704686956,0.35293169683,5800000.00
336,4,4,4,0.62704686956,0.35293169683,4300000.00
284,4,5,4,0.62704686956,0.35293169683,5700000.00
420,4,6,4,0.62704686956,0.35293169683,5300000.00
162,3,3,3,0.62704686956,0.35293169683,1650000.00
162,3,3,3,0.62704686956,0.35293169683,2200000.00
65,2,2,1,0.62857153819,0.33142547742,750000.00
245,3,4,3,0.62857153819,0.33142547742,4500000.00
350,3,4,3,0.62857153819,0.33142547742,4800000.00
65,2,1,1,0.62857153819,0.33142547742,640000.00
233,4,4,4,0.62857153819,0.33142547742,2800000.00
245,4,4,4,0.62857153819,0.33142547742,3990000.00
350,3,4,3,0.62857153819,0.33142547742,4800000.00
320,3,4,3,0.62857153819,0.33142547742,4800000.00
245,4,4,4,0.62857153819,0.33142547742,4300000.00
65,2,2,1,0.62857153819,0.33142547742,750000.00
170,4,3,4,0.62857153819,0.33142547742,2300000.00
65,2,2,1,0.62857153819,0.33142547742,750000.00
245,4,4,3,0.62857153819,0.33142547742,4195000.00
150,4,3,3,0.62857153819,0.33142547742,1850000.00
128,3,2,3,0.62857153819,0.33142547742,1900000.00
350,4,5,3,0.62857153819,0.33142547742,8500000.00
170,4,3,4,0.62857153819,0.33142547742,2500000.00
320,3,4,3,0.62857153819,0.33142547742,4800000.00
149,3,2,3,0.62857153819,0.33142547742,1850000.00
245,3,4,3,0.62857153819,0.33142547742,4100000.00
245,4,4,4,0.62857153819,0.33142547742,4200000.00
346,4,5,3,0.62857153819,0.33142547742,8500000.00
65,2,2,1,0.62857153819,0.33142547742,750000.00
65,2,2,1,0.62857153819,0.33142547742,850000.00
66,2,2,1,0.62857153819,0.33142547742,680000.00
128,3,2,0,0.62857153819,0.33142547742,1900000.00
170,3,3,3,0.62857153819,0.33142547742,2544000.00
320,3,4,3,0.62857153819,0.33142547742,5320000.00
65,2,1,0,0.62857153819,0.33142547742,680000.00
350,4,5,3,0.62857153819,0.33142547742,8500000.00
150,2,3,1,0.62857153819,0.33142547742,1890000.00
61,2,2,1,0.62857153819,0.33142547742,680000.00
320,3,4,3,0.62857153819,0.33142547742,4800000.00
150,4,3,3,0.62857153819,0.33142547742,1850000.00
233,4,4,3,0.62857153819,0.33142547742,3500000.00
235,4,4,3,0.62857153819,0.33142547742,3200000.00
235,4,4,3,0.62857153819,0.33142547742,2900000.00
245,3,4,3,0.62857153819,0.33142547742,4000000.00
170,3,3,3,0.62857153819,0.33142547742,2750000.00
320,3,4,3,0.62857153819,0.33142547742,5300000.00
170,4,3,3,0.62857153819,0.33142547742,2550000.00
170,3,3,3,0.62857153819,0.33142547742,2650000.00
80,2,2,1,0.62900400082,0.35748201245,980000.00
75,3,1,0,0.62900400082,0.35748201245,750000.00
160,3,2,1,0.62900400082,0.35748201245,1580000.00
58,2,1,0,0.62900400082,0.35748201245,584000.00
53,2,1,0,0.62900400082,0.35748201245,550000.00
287,4,4,2,0.62900400082,0.35748201245,2600000.00
60,2,1,0,0.62900400082,0.35748201245,616000.00
95,3,2,1,0.62900400082,0.35748201245,975000.00
152,4,3,3,0.62900400082,0.35748201245,1780000.00
75,3,2,1,0.62900400082,0.35748201245,850000.00
220,4,4,3,0.62900400082,0.35748201245,2500000.00
291,4,4,2,0.62900400082,0.35748201245,2950000.00
240,4,4,2,0.62900400082,0.35748201245,1900000.00
90,3,2,1,0.62900400082,0.35748201245,980000.00
102,3,2,0,0.62900400082,0.35748201245,792000.00
160,3,2,1,0.62900400082,0.35748201245,1590000.00
85,3,1,0,0.62900400082,0.35748201245,750000.00
297,4,3,2,0.62900400082,0.35748201245,1990000.00
165,3,2,1,0.62900400082,0.35748201245,1480000.00
167,3,2,1,0.62900400082,0.35748201245,1580000.00
298,4,2,4,0.62900400082,0.35748201245,2600000.00
160,3,2,1,0.62900400082,0.35748201245,1500000.00
90,2,1,1,0.62900400082,0.35748201245,980000.00
57,2,1,0,0.62900400082,0.35748201245,590000.00
274,4,4,2,0.62900400082,0.35748201245,2850000.00
290,4,4,2,0.62900400082,0.35748201245,2600000.00
57,2,1,0,0.62900400082,0.35748201245,600000.00
169,3,2,1,0.62900400082,0.35748201245,1500000.00
87,2,1,0,0.62900400082,0.35748201245,720000.00
45,1,1,0,0.62900400082,0.35748201245,550000.00
166,3,2,1,0.62900400082,0.35748201245,1580000.00
60,2,1,0,0.62900400082,0.35748201245,580000.00
166,4,3,3,0.62900400082,0.35748201245,2200000.00
60,2,1,0,0.62900400082,0.35748201245,560000.00
166,3,2,1,0.62900400082,0.35748201245,1580000.00
60,2,1,0,0.62900400082,0.35748201245,600000.00
58,2,1,0,0.62900400082,0.35748201245,584000.00
185,4,3,2,0.62900400082,0.35748201245,1860000.00
287,4,4,2,0.62900400082,0.35748201245,2500000.00
300,4,5,4,0.62923281621,0.35111382935,5000000.00
305,4,5,4,0.62923281621,0.35111382935,4900000.00
43,1,1,1,0.63166507319,0.34339538553,680000.00
148,3,2,1,0.63166507319,0.34339538553,1500000.00
183,3,3,3,0.63166507319,0.34339538553,3500000.00
74,2,1,1,0.63693135692,0.37871500877,960000.00
55,2,1,0,0.63693135692,0.37871500877,795000.00
56,2,1,0,0.63693135692,0.37871500877,620000.00
216,4,4,2,0.64513402812,0.30863632573,3500000.00
215,4,2,1,0.65371805831,0.32642275822,2500000.00
